0,0,0,0,0
10,1,1,8,4
10,1,2,9,1
10,1,3,17,1
10,1,4,19,1
10,1,5,2,2
10,1,6,20,2
10,1,7,23,4
10,1,8,14,1
10,1,9,1,2
10,1,10,12,3
10,1,11,6,4
10,1,12,18,1
10,1,13,10,1
10,1,14,4,1
10,1,15,22,3
10,1,16,21,4
10,1,17,13,4
10,1,18,3,3
10,1,19,16,4
10,1,20,24,1
10,1,21,5,4
10,1,22,15,3
10,1,23,11,4
10,1,24,7,1
10,2,1,89,3
10,2,2,11,4
10,2,3,96,1
10,2,4,24,3
10,2,5,94,1
10,2,6,74,2
10,2,7,21,2
10,2,8,75,1
10,2,9,3,2
10,2,10,12,2
10,2,11,46,3
10,2,12,87,3
10,2,13,42,1
10,2,14,91,2
10,2,15,26,1
10,2,16,30,3
10,2,17,38,2
10,2,18,65,2
10,2,19,14,4
10,2,20,55,1
10,2,21,18,3
10,2,22,58,3
10,2,23,69,4
10,2,24,84,2
10,2,25,5,4
10,2,26,6,4
10,2,27,45,3
10,2,28,25,1
10,2,29,32,4
10,2,30,53,2
10,2,31,85,4
10,2,32,50,2
10,2,33,9,2
10,2,34,68,4
10,2,35,16,2
10,2,36,52,3
10,2,37,82,3
10,2,38,49,4
10,2,39,67,1
10,2,40,28,3
10,2,41,78,3
10,2,42,76,3
10,2,43,35,4
10,2,44,22,2
10,2,45,57,2
10,2,46,54,2
10,2,47,83,2
10,2,48,33,2
10,2,49,36,1
10,2,50,39,2
10,2,51,64,2
10,2,52,40,4
10,2,53,13,1
10,2,54,90,3
10,2,55,86,3
10,2,56,62,4
10,2,57,51,1
10,2,58,70,4
10,2,59,66,2
10,2,60,80,4
10,3,1,19,2
10,3,2,4,3
10,3,3,20,1
10,3,4,73,4
10,3,5,59,2
10,3,6,8,2
10,3,7,71,4
10,3,8,63,2
10,3,9,15,1
10,3,10,23,4
10,3,11,95,3
10,3,12,44,3
10,3,13,7,2
10,3,14,10,1
10,3,15,41,4
10,3,16,61,2
10,3,17,88,2
10,3,18,2,3
10,3,18,88,4
10,3,19,37,2
10,3,20,31,2
10,3,21,1,3
10,3,22,77,2
10,3,23,72,1
10,3,24,60,3
10,3,25,79,1
10,3,26,93,1
10,3,27,56,4
10,3,28,92,4
10,3,29,27,3
10,3,30,48,2
10,3,31,81,3
10,3,32,29,4
10,3,33,34,2
10,3,34,17,3
10,3,35,43,4
10,3,36,47,3
10,3,37,57,2
10,3,38,87,3
10,3,39,9,1
10,3,40,55,3
10,3,41,30,3
10,3,42,45,3
10,3,43,2,3
10,3,43,88,4
10,3,44,53,4
10,3,45,48,1
10,3,46,26,3
10,3,47,83,2
10,3,48,52,2
10,3,49,94,3
10,3,50,86,3
10,3,51,22,3
10,3,52,44,3
10,3,53,23,1
10,3,54,67,4
10,3,55,80,2
10,3,56,75,4
10,3,57,81,3
10,3,58,4,4
10,3,59,11,4
10,3,60,41,3
10,4,1,60,4
10,4,2,65,1
10,4,3,88,1
10,4,4,72,3
10,4,5,84,2
10,4,6,54,2
10,4,7,91,1
10,4,8,82,1
10,4,9,8,3
10,4,10,15,4
10,4,11,20,1
10,4,12,46,4
10,4,13,64,2
10,4,14,1,2
10,4,15,85,1
10,4,16,5,3
10,4,17,63,1
10,4,18,68,3
10,4,19,93,2
10,4,20,21,4
10,4,21,27,3
10,4,22,70,3
10,4,23,69,3
10,4,24,7,3
10,4,25,73,2
10,4,26,31,3
10,4,27,56,2
10,4,28,39,4
10,4,29,62,1
10,4,30,77,1
10,4,31,71,4
10,4,32,24,4
10,4,33,61,4
10,4,34,38,4
10,4,35,16,2
10,4,36,51,2
10,4,37,3,4
10,4,38,40,1
10,4,39,13,3
10,4,40,19,2
10,4,41,42,1
10,4,42,95,3
10,4,43,12,1
10,4,44,6,2
10,4,45,14,1
10,4,46,47,2
10,4,47,50,3
10,4,48,59,4
10,4,49,76,4
10,4,50,49,3
10,4,51,34,3
10,4,52,17,1
10,4,53,25,1
10,4,54,92,3
10,4,55,28,4
10,4,56,37,1
10,4,57,74,2
10,4,58,32,3
10,4,59,66,2
10,4,60,89,1
10,5,1,33,3
10,5,2,43,2
10,5,3,79,3
10,5,4,90,2
10,5,5,29,4
10,5,6,18,1
10,5,7,96,4
10,5,8,58,1
10,5,9,78,2
10,5,10,10,1
10,5,11,35,2
10,5,12,36,1
10,5,13,43,2
10,5,14,5,4
10,5,15,47,4
10,5,16,73,4
10,5,17,26,1
10,5,18,29,4
10,5,19,86,3
10,5,20,76,4
10,5,21,56,1
10,5,22,51,2
10,5,23,75,1
10,5,24,52,4
10,5,25,30,4
10,5,26,41,4
10,5,27,55,1
10,5,28,85,4
10,5,29,53,1
10,5,30,96,1
10,5,31,48,4
10,5,32,72,2
10,5,33,27,3
10,5,34,2,3
10,5,34,88,4
10,5,35,15,2
10,5,36,50,3
10,5,37,44,3
10,5,38,8,3
10,5,39,19,2
10,5,40,95,3
10,5,41,71,2
10,5,42,22,1
10,5,43,49,3
10,5,44,11,1
10,5,45,63,3
10,5,46,17,1
10,5,47,77,3
10,5,48,87,1
10,5,49,4,3
10,5,50,12,2
10,5,51,35,4
10,5,52,57,4
10,5,53,92,1
10,5,54,20,2
10,5,55,65,1
10,5,56,83,2
10,5,57,13,4
10,5,58,25,1
10,5,59,64,2
10,5,60,91,2
10,6,1,32,1
10,6,2,88,2
10,6,3,33,3
10,6,4,82,2
10,6,5,23,3
10,6,6,39,3
10,6,7,28,1
10,6,8,7,4
10,6,9,68,4
10,6,10,90,3
10,6,11,59,4
10,6,12,16,4
10,6,13,10,4
10,6,14,21,4
10,6,15,69,1
10,6,16,42,4
10,6,17,6,2
10,6,18,60,1
10,6,19,18,1
10,6,20,9,3
10,6,21,67,2
10,6,22,80,2
10,6,23,37,3
10,6,24,36,3
10,6,25,62,3
10,6,26,31,1
10,6,27,81,3
10,6,28,93,2
10,6,29,89,1
10,6,30,84,2
10,6,31,38,3
10,6,32,14,3
10,6,33,34,4
10,6,34,40,3
10,6,35,94,1
10,6,36,79,2
10,6,37,70,3
10,6,38,45,1
10,6,39,61,4
10,6,40,78,4
10,6,41,66,4
10,6,42,1,4
10,6,43,58,2
10,6,44,24,2
10,6,45,46,3
10,6,46,74,3
10,6,47,54,1
10,6,48,3,3
10,6,49,42,1
10,6,50,11,3
10,6,51,89,4
10,6,52,50,2
10,6,53,1,2
10,6,54,28,4
10,6,55,66,3
10,6,56,2,2
10,6,57,79,3
10,6,58,8,1
10,6,59,43,2
10,6,60,87,1
10,7,1,96,4
10,7,2,21,2
10,7,3,61,3
10,7,4,37,3
10,7,5,71,1
10,7,6,19,3
10,7,7,62,3
10,7,8,68,4
10,7,9,16,1
10,7,10,48,2
10,7,11,34,1
10,7,12,31,3
10,7,13,73,3
10,7,14,30,3
10,7,15,40,3
10,7,16,74,3
10,7,17,49,2
10,7,18,64,3
10,7,19,69,3
10,7,20,53,4
10,7,21,57,1
10,7,22,44,2
10,7,23,36,2
10,7,24,77,1
10,7,25,52,3
10,7,26,24,1
10,7,27,15,2
10,7,28,27,4
10,7,29,32,4
10,7,30,51,2
10,7,31,41,4
10,7,32,65,2
10,7,33,4,3
10,7,34,29,4
10,7,35,26,4
10,7,36,90,4
10,7,37,46,3
10,7,38,5,3
10,7,39,9,1
10,7,40,60,1
10,7,41,10,3
10,7,42,59,3
10,7,43,13,3
10,7,44,81,3
10,7,45,75,2
10,7,46,12,4
10,7,47,38,3
10,7,48,47,2
10,7,49,35,3
10,7,50,67,3
10,7,51,7,2
10,7,52,91,2
10,7,53,70,4
10,7,54,76,4
10,7,55,54,4
10,7,56,39,2
10,7,57,3,4
10,7,58,45,1
10,7,59,72,2
10,7,60,56,2
11,1,1,10,1
11,1,2,14,3
11,1,3,13,2
11,1,4,5,4
11,1,5,24,3
11,1,6,17,4
11,1,7,16,4
11,1,8,23,2
11,1,9,7,3
11,1,10,18,3
11,1,11,21,4
11,1,12,11,4
11,1,13,12,4
11,1,14,19,3
11,1,15,22,2
11,1,16,2,2
11,1,17,4,1
11,1,18,3,2
11,1,19,9,1
11,1,20,15,3
11,1,21,20,2
11,1,22,1,2
11,1,23,8,2
11,1,24,6,1
11,2,1,20,1
11,2,2,52,1
11,2,3,3,3
11,2,4,23,3
11,2,5,91,4
11,2,6,60,4
11,2,7,84,4
11,2,8,48,4
11,2,9,22,2
11,2,10,96,4
11,2,11,37,4
11,2,12,87,2
11,2,13,21,2
11,2,14,29,2
11,2,15,89,1
11,2,16,8,1
11,2,17,26,3
11,2,18,28,1
11,2,19,13,2
11,2,20,90,3
11,2,21,75,3
11,2,22,36,2
11,2,23,86,3
11,2,24,57,2
11,2,25,38,3
11,2,26,59,4
11,2,27,50,2
11,2,28,66,2
11,2,29,70,2
11,2,30,1,1
11,2,31,16,2
11,2,32,27,3
11,2,33,63,2
11,2,34,61,2
11,2,35,41,4
11,2,36,53,2
11,2,37,31,3
11,2,38,18,4
11,2,39,4,2
11,2,40,30,2
11,2,41,72,4
11,2,42,6,2
11,2,43,56,2
11,2,44,73,1
11,2,45,32,1
11,2,46,83,2
11,2,47,42,1
11,2,48,58,4
11,2,49,92,3
11,2,50,64,2
11,2,51,17,3
11,2,52,15,3
11,2,53,47,4
11,2,54,11,1
11,2,55,55,2
11,2,56,12,2
11,2,57,7,3
11,2,58,46,3
11,2,59,82,1
11,2,60,9,3
11,3,1,80,2
11,3,2,19,1
11,3,3,79,4
11,3,4,39,4
11,3,5,62,2
11,3,6,43,3
11,3,7,81,1
11,3,8,69,4
11,3,9,10,2
11,3,10,68,4
11,3,11,49,2
11,3,12,76,4
11,3,13,35,3
11,3,14,33,3
11,3,15,78,2
11,3,16,45,3
11,3,17,40,2
11,3,18,34,3
11,3,19,95,3
11,3,20,24,1
11,3,21,51,3
11,3,22,25,4
11,3,23,88,1
11,3,24,94,2
11,3,25,14,4
11,3,26,85,3
11,3,27,5,3
11,3,28,44,2
11,3,29,93,1
11,3,30,65,1
11,3,31,71,2
11,3,32,67,2
11,3,33,77,1
11,3,34,74,4
11,3,35,54,3
11,3,36,2,2
11,3,37,84,2
11,3,38,51,3
11,3,39,85,3
11,3,40,23,4
11,3,41,67,1
11,3,42,36,2
11,3,43,50,3
11,3,44,5,1
11,3,45,88,2
11,3,46,11,2
11,3,47,14,1
11,3,48,30,2
11,3,49,33,2
11,3,50,31,2
11,3,51,95,4
11,3,52,52,3
11,3,53,38,2
11,3,54,96,4
11,3,55,59,3
11,3,56,27,1
11,3,57,6,2
11,3,58,64,2
11,3,59,32,1
11,3,60,66,4
11,4,1,35,2
11,4,2,26,4
11,4,3,15,2
11,4,4,48,3
11,4,5,90,2
11,4,6,18,1
11,4,7,2,1
11,4,8,54,2
11,4,9,60,3
11,4,10,16,2
11,4,11,49,1
11,4,12,41,2
11,4,13,3,3
11,4,14,78,4
11,4,15,81,3
11,4,16,22,4
11,4,17,87,3
11,4,18,12,1
11,4,19,34,2
11,4,20,21,2
11,4,21,28,3
11,4,22,73,3
11,4,23,8,4
11,4,24,71,4
11,4,25,43,2
11,4,26,77,2
11,4,27,68,4
11,4,28,1,1
11,4,29,79,3
11,4,30,19,3
11,4,31,24,4
11,4,32,94,2
11,4,33,62,4
11,4,34,53,1
11,4,35,7,2
11,4,36,44,3
11,4,37,29,3
11,4,38,83,1
11,4,39,63,2
11,4,40,80,3
11,4,41,56,2
11,4,42,46,4
11,4,43,40,2
11,4,44,17,3
11,4,45,61,3
11,4,46,93,1
11,4,47,86,2
11,4,48,74,3
11,4,49,91,3
11,4,50,76,3
11,4,51,57,3
11,4,52,4,4
11,4,53,75,3
11,4,54,89,2
11,4,55,39,4
11,4,56,47,1
11,4,57,13,4
11,4,58,65,2
11,4,59,55,4
11,4,60,20,3
11,5,1,9,4
11,5,2,25,1
11,5,3,82,4
11,5,4,45,1
11,5,5,69,4
11,5,6,70,2
11,5,7,92,3
11,5,8,10,3
11,5,9,72,4
11,5,10,37,3
11,5,11,42,1
11,5,12,58,2
11,5,13,65,4
11,5,14,38,4
11,5,15,17,3
11,5,16,78,3
11,5,17,49,4
11,5,18,52,2
11,5,19,83,2
11,5,20,40,1
11,5,21,48,4
11,5,22,69,4
11,5,23,82,1
11,5,24,87,3
11,5,25,53,1
11,5,26,14,1
11,5,27,20,2
11,5,28,19,3
11,5,29,42,1
11,5,30,43,3
11,5,31,67,1
11,5,32,57,2
11,5,33,4,2
11,5,34,2,1
11,5,35,6,4
11,5,36,79,2
11,5,37,95,4
11,5,38,3,4
11,5,39,55,1
11,5,40,77,3
11,5,41,85,4
11,5,42,70,2
11,5,43,61,1
11,5,44,10,1
11,5,45,76,4
11,5,46,15,3
11,5,47,59,1
11,5,48,90,2
11,5,49,64,2
11,5,50,8,3
11,5,51,51,3
11,5,52,96,2
11,5,53,23,3
11,5,54,68,2
11,5,55,62,1
11,5,56,86,2
11,5,57,13,4
11,5,58,45,2
11,5,59,72,1
11,5,60,35,4
11,6,1,54,1
11,6,2,46,2
11,6,3,9,4
11,6,4,73,4
11,6,5,88,3
11,6,6,1,2
11,6,7,41,1
11,6,8,91,3
11,6,9,71,3
11,6,10,16,3
11,6,11,56,4
11,6,12,50,4
11,6,13,63,1
11,6,14,22,3
11,6,15,93,2
11,6,16,39,2
11,6,17,31,3
11,6,18,32,2
11,6,19,94,2
11,6,20,12,3
11,6,21,18,2
11,6,22,30,3
11,6,23,44,2
11,6,24,66,4
11,6,25,81,1
11,6,26,74,2
11,6,27,34,2
11,6,28,26,1
11,6,29,21,3
11,6,30,58,3
11,6,31,33,4
11,6,32,89,2
11,6,33,60,2
11,6,34,47,4
11,6,35,5,4
11,6,36,92,4
11,6,37,29,3
11,6,38,24,4
11,6,39,7,2
11,6,40,84,2
11,6,41,80,1
11,6,42,25,3
11,6,43,27,4
11,6,44,28,4
11,6,45,36,4
11,6,46,37,4
11,6,47,11,3
11,6,48,75,2
11,6,49,24,1
11,6,50,1,4
11,6,51,84,2
11,6,52,85,1
11,6,53,7,2
11,6,54,16,2
11,6,55,77,4
11,6,56,36,3
11,6,57,14,3
11,6,58,28,4
11,6,59,86,3
11,6,60,42,1
11,7,1,60,2
11,7,2,49,4
11,7,3,55,4
11,7,4,59,4
11,7,5,17,1
11,7,6,82,3
11,7,7,47,3
11,7,8,6,2
11,7,9,18,4
11,7,10,15,4
11,7,11,68,3
11,7,12,88,1
11,7,13,4,4
11,7,14,12,2
11,7,15,63,2
11,7,16,8,3
11,7,17,96,2
11,7,18,70,2
11,7,19,31,2
11,7,20,93,1
11,7,21,94,1
11,7,22,45,1
11,7,23,81,4
11,7,24,74,2
11,7,25,71,3
11,7,26,78,2
11,7,27,41,1
11,7,28,29,2
11,7,29,89,2
11,7,30,23,1
11,7,31,25,4
11,7,32,40,4
11,7,33,56,3
11,7,34,30,3
11,7,35,54,3
11,7,36,43,4
11,7,37,33,4
11,7,38,80,3
11,7,39,22,1
11,7,40,90,4
11,7,41,27,1
11,7,42,35,3
11,7,43,26,2
11,7,44,72,2
11,7,45,20,3
11,7,46,2,4
11,7,47,67,4
11,7,48,3,3
11,7,49,13,4
11,7,50,5,4
11,7,51,50,2
11,7,52,58,3
11,7,53,73,2
11,7,54,83,3
11,7,55,65,2
11,7,56,51,4
11,7,57,61,4
11,7,58,11,4
11,7,59,38,4
11,7,60,53,1
12,1,1,10,1
12,1,2,2,3
12,1,3,20,1
12,1,4,1,3
12,1,5,12,4
12,1,6,23,2
12,1,7,13,3
12,1,8,21,4
12,1,9,17,1
12,1,10,6,2
12,1,11,9,1
12,1,12,14,4
12,1,13,4,3
12,1,14,24,4
12,1,15,16,2
12,1,16,8,3
12,1,17,11,4
12,1,18,3,2
12,1,19,15,4
12,1,20,19,1
12,1,21,18,2
12,1,22,5,3
12,1,23,7,1
12,1,24,22,2
12,2,1,16,1
12,2,2,63,2
12,2,3,11,2
12,2,4,89,3
12,2,5,73,2
12,2,6,45,4
12,2,7,78,2
12,2,8,50,4
12,2,9,30,1
12,2,10,90,3
12,2,11,46,4
12,2,12,23,3
12,2,13,38,3
12,2,14,64,3
12,2,15,62,1
12,2,16,1,4
12,2,17,81,3
12,2,18,68,3
12,2,19,8,3
12,2,20,59,3
12,2,21,54,4
12,2,22,61,3
12,2,23,77,3
12,2,24,58,3
12,2,25,5,4
12,2,26,74,3
12,2,27,40,1
12,2,28,66,3
12,2,29,13,4
12,2,30,4,2
12,2,31,34,3
12,2,32,7,2
12,2,33,75,1
12,2,34,44,3
12,2,35,88,2
12,2,36,29,4
12,2,37,17,4
12,2,38,87,1
12,2,39,19,4
12,2,40,36,3
12,2,41,65,3
12,2,42,92,4
12,2,43,69,4
12,2,44,27,1
12,2,45,10,3
12,2,46,82,4
12,2,47,96,1
12,2,48,37,3
12,2,49,9,3
12,2,50,26,3
12,2,51,70,2
12,2,52,51,1
12,2,53,80,3
12,2,54,35,4
12,2,55,2,1
12,2,56,52,3
12,2,57,49,3
12,2,58,33,2
12,2,59,32,4
12,2,60,56,1
12,3,1,28,4
12,3,2,41,3
12,3,3,42,4
12,3,4,95,1
12,3,5,20,1
12,3,6,91,1
12,3,7,24,3
12,3,8,84,1
12,3,9,15,3
12,3,10,57,2
12,3,11,22,1
12,3,12,72,3
12,3,13,60,2
12,3,14,53,2
12,3,15,55,2
12,3,16,3,4
12,3,17,39,4
12,3,18,12,4
12,3,19,71,1
12,3,20,47,4
12,3,21,85,3
12,3,22,83,1
12,3,23,86,1
12,3,24,18,1
12,3,25,43,4
12,3,26,31,2
12,3,27,21,3
12,3,28,76,3
12,3,29,93,1
12,3,30,14,4
12,3,31,25,2
12,3,32,6,1
12,3,33,94,4
12,3,34,67,4
12,3,35,79,3
12,3,36,48,2
12,3,37,58,4
12,3,38,78,2
12,3,39,25,4
12,3,40,1,1
12,3,41,69,1
12,3,42,68,1
12,3,43,73,3
12,3,44,59,4
12,3,45,60,4
12,3,46,85,2
12,3,47,33,2
12,3,48,7,3
12,3,49,48,3
12,3,50,35,3
12,3,51,9,3
12,3,52,71,4
12,3,53,47,2
12,3,54,31,1
12,3,55,43,4
12,3,56,17,2
12,3,57,45,1
12,3,58,61,2
12,3,59,38,2
12,3,60,46,4
12,4,1,32,4
12,4,2,41,4
12,4,3,6,3
12,4,4,24,3
12,4,5,74,3
12,4,6,90,1
12,4,7,39,4
12,4,8,54,2
12,4,9,27,1
12,4,10,92,1
12,4,11,10,2
12,4,12,23,3
12,4,13,75,3
12,4,14,65,4
12,4,15,53,4
12,4,16,87,4
12,4,17,40,4
12,4,18,14,3
12,4,19,52,1
12,4,20,56,3
12,4,21,86,1
12,4,22,15,1
12,4,23,55,3
12,4,24,21,4
12,4,25,4,1
12,4,26,36,2
12,4,27,8,2
12,4,28,30,2
12,4,29,72,4
12,4,30,80,2
12,4,31,49,2
12,4,32,83,2
12,4,33,28,4
12,4,34,18,3
12,4,35,22,3
12,4,36,82,2
12,4,37,51,4
12,4,38,26,1
12,4,39,96,3
12,4,40,94,1
12,4,41,67,1
12,4,42,63,2
12,4,43,19,4
12,4,44,91,2
12,4,45,44,4
12,4,46,16,4
12,4,47,79,3
12,4,48,70,4
12,4,49,57,4
12,4,50,88,3
12,4,51,5,2
12,4,52,37,4
12,4,53,2,4
12,4,54,62,2
12,4,55,66,1
12,4,56,76,3
12,4,57,42,2
12,4,58,20,2
12,4,59,13,4
12,4,60,12,4
12,5,1,11,1
12,5,2,34,1
12,5,3,50,3
12,5,4,81,4
12,5,5,89,3
12,5,6,3,1
12,5,7,84,3
12,5,8,95,2
12,5,9,77,2
12,5,10,93,3
12,5,11,29,2
12,5,12,64,1
12,5,13,33,4
12,5,14,71,3
12,5,15,11,3
12,5,16,91,3
12,5,17,82,1
12,5,18,36,4
12,5,19,72,2
12,5,20,17,2
12,5,21,74,3
12,5,22,37,3
12,5,23,29,4
12,5,24,92,3
12,5,25,85,1
12,5,26,7,3
12,5,27,63,3
12,5,28,90,1
12,5,29,5,3
12,5,30,13,1
12,5,31,49,3
12,5,32,51,4
12,5,33,9,4
12,5,34,41,1
12,5,35,30,1
12,5,36,77,3
12,5,37,16,2
12,5,38,24,3
12,5,39,38,3
12,5,40,12,3
12,5,41,69,4
12,5,42,57,4
12,5,43,6,4
12,5,44,26,1
12,5,45,96,3
12,5,46,18,2
12,5,47,81,4
12,5,48,1,2
12,5,49,3,3
12,5,50,78,1
12,5,51,50,2
12,5,52,15,3
12,5,53,21,1
12,5,54,8,3
12,5,55,89,3
12,5,56,83,4
12,5,57,67,3
12,5,58,76,4
12,5,59,86,4
12,5,60,66,3
12,6,1,45,1
12,6,2,40,4
12,6,3,19,4
12,6,4,23,4
12,6,5,55,2
12,6,6,73,2
12,6,7,42,1
12,6,8,43,2
12,6,9,64,3
12,6,10,10,4
12,6,11,58,3
12,6,12,80,1
12,6,13,39,3
12,6,14,68,1
12,6,15,93,2
12,6,16,28,4
12,6,17,65,2
12,6,18,2,3
12,6,18,88,4
12,6,19,32,4
12,6,20,44,4
12,6,21,35,2
12,6,22,87,3
12,6,23,84,4
12,6,24,4,3
12,6,25,22,2
12,6,26,61,2
12,6,27,20,3
12,6,28,52,3
12,6,29,62,2
12,6,30,79,2
12,6,31,95,3
12,6,32,34,4
12,6,33,70,3
12,6,34,88,3
12,6,35,31,4
12,6,36,94,4
12,6,37,56,3
12,6,38,60,4
12,6,39,46,1
12,6,40,27,1
12,6,41,53,1
12,6,42,25,4
12,6,43,48,3
12,6,44,54,4
12,6,45,47,2
12,6,46,59,4
12,6,47,75,4
12,6,48,14,1
12,6,49,38,4
12,6,50,17,2
12,6,51,15,3
12,6,52,94,1
12,6,53,90,1
12,6,54,61,3
12,6,55,60,3
12,6,56,75,1
12,6,57,46,4
12,6,58,28,4
12,6,59,23,3
12,6,60,26,4
12,7,1,11,1
12,7,2,93,2
12,7,3,37,3
12,7,4,72,3
12,7,5,57,2
12,7,6,9,1
12,7,7,4,1
12,7,8,62,2
12,7,9,10,1
12,7,10,39,3
12,7,11,66,4
12,7,12,80,2
12,7,13,91,4
12,7,14,27,4
12,7,15,3,4
12,7,16,13,4
12,7,17,71,3
12,7,18,7,4
12,7,19,81,2
12,7,20,79,2
12,7,21,25,1
12,7,22,76,2
12,7,23,54,2
12,7,24,44,3
12,7,25,74,3
12,7,26,52,2
12,7,27,88,3
12,7,28,92,2
12,7,29,5,2
12,7,30,6,4
12,7,31,22,4
12,7,32,51,1
12,7,33,8,2
12,7,34,64,1
12,7,35,83,2
12,7,36,95,4
12,7,37,96,1
12,7,38,32,2
12,7,39,58,2
12,7,40,82,3
12,7,41,89,4
12,7,42,73,4
12,7,43,47,4
12,7,44,14,3
12,7,45,53,2
12,7,46,20,1
12,7,47,50,3
12,7,48,77,1
12,7,49,16,3
12,7,50,31,1
12,7,51,67,2
12,7,52,45,3
12,7,53,87,2
12,7,54,2,3
12,7,54,88,4
12,7,55,35,4
12,7,56,85,4
12,7,57,42,4
12,7,58,30,3
12,7,59,84,4
12,7,60,63,1
13,1,1,14,3
13,1,2,16,2
13,1,3,13,4
13,1,4,1,2
13,1,5,6,3
13,1,6,19,1
13,1,7,22,3
13,1,8,23,3
13,1,9,11,4
13,1,10,7,1
13,1,11,18,3
13,1,12,21,4
13,1,13,2,2
13,1,14,9,1
13,1,15,17,1
13,1,16,4,1
13,1,17,5,1
13,1,18,15,3
13,1,19,8,3
13,1,20,20,1
13,1,21,12,3
13,1,22,3,2
13,1,23,10,3
13,1,24,24,1
13,2,1,29,3
13,2,2,21,4
13,2,3,69,1
13,2,4,68,1
13,2,5,60,3
13,2,6,31,1
13,2,7,33,2
13,2,8,27,4
13,2,9,71,4
13,2,10,85,2
13,2,11,30,4
13,2,12,28,2
13,2,13,82,2
13,2,14,20,4
13,2,15,48,1
13,2,16,54,3
13,2,17,22,2
13,2,18,90,3
13,2,19,36,1
13,2,20,96,4
13,2,21,84,1
13,2,22,88,1
13,2,23,50,2
13,2,24,80,1
13,2,25,77,2
13,2,26,3,3
13,2,27,94,3
13,2,28,57,2
13,2,29,17,1
13,2,30,76,1
13,2,31,4,2
13,2,32,39,1
13,2,33,5,3
13,2,34,7,2
13,2,35,41,1
13,2,36,56,1
13,2,37,93,4
13,2,38,2,2
13,2,39,13,1
13,2,40,9,4
13,2,41,16,1
13,2,42,46,4
13,2,43,73,2
13,2,44,1,3
13,2,45,42,2
13,2,46,45,1
13,2,47,55,1
13,2,48,87,2
13,2,49,86,3
13,2,50,58,2
13,2,51,79,1
13,2,52,38,2
13,2,53,81,3
13,2,54,83,1
13,2,55,52,1
13,2,56,43,4
13,2,57,8,4
13,2,58,37,4
13,2,59,65,2
13,2,60,63,1
13,3,1,95,2
13,3,2,78,1
13,3,3,10,3
13,3,4,61,2
13,3,5,66,3
13,3,6,6,2
13,3,7,32,1
13,3,8,23,1
13,3,9,11,2
13,3,10,34,4
13,3,11,51,4
13,3,12,64,1
13,3,13,35,4
13,3,14,91,4
13,3,15,18,2
13,3,16,75,4
13,3,17,70,3
13,3,18,72,2
13,3,19,26,3
13,3,20,53,2
13,3,21,89,3
13,3,22,19,2
13,3,23,15,4
13,3,24,49,3
13,3,25,12,2
13,3,26,44,2
13,3,27,47,1
13,3,28,24,1
13,3,29,25,1
13,3,30,74,3
13,3,31,62,2
13,3,32,67,1
13,3,33,14,1
13,3,34,40,2
13,3,35,92,2
13,3,36,59,3
13,3,37,4,1
13,3,38,64,1
13,3,39,32,3
13,3,40,51,4
13,3,41,61,3
13,3,42,18,2
13,3,43,79,2
13,3,44,94,4
13,3,45,29,4
13,3,46,48,4
13,3,47,14,2
13,3,48,9,4
13,3,49,30,3
13,3,50,80,1
13,3,51,91,1
13,3,52,34,2
13,3,53,95,1
13,3,54,85,2
13,3,55,37,3
13,3,56,43,4
13,3,57,74,4
13,3,58,69,1
13,3,59,87,1
13,3,60,49,2
13,4,1,12,4
13,4,2,52,3
13,4,3,77,1
13,4,4,8,2
13,4,5,21,2
13,4,6,68,2
13,4,7,28,2
13,4,8,42,2
13,4,9,59,3
13,4,10,58,2
13,4,11,46,4
13,4,12,1,2
13,4,13,10,4
13,4,14,53,3
13,4,15,67,1
13,4,16,70,4
13,4,17,23,3
13,4,18,44,4
13,4,19,50,4
13,4,20,75,1
13,4,21,90,4
13,4,22,82,2
13,4,23,47,1
13,4,24,5,1
13,4,25,63,2
13,4,26,25,4
13,4,27,20,3
13,4,28,2,3
13,4,28,88,4
13,4,29,56,2
13,4,30,60,3
13,4,31,88,1
13,4,32,31,3
13,4,33,96,3
13,4,34,35,3
13,4,35,89,1
13,4,36,76,2
13,4,37,38,4
13,4,38,7,4
13,4,39,72,3
13,4,40,13,1
13,4,41,81,1
13,4,42,55,2
13,4,43,71,4
13,4,44,45,1
13,4,45,27,1
13,4,46,62,4
13,4,47,92,1
13,4,48,65,4
13,4,49,33,3
13,4,50,22,4
13,4,51,17,1
13,4,52,73,4
13,4,53,54,3
13,4,54,3,4
13,4,55,36,3
13,4,56,40,2
13,4,57,93,3
13,4,58,86,1
13,4,59,83,1
13,4,60,41,1
13,5,1,11,2
13,5,2,66,2
13,5,3,57,3
13,5,4,26,3
13,5,5,19,3
13,5,6,78,1
13,5,7,24,3
13,5,8,84,2
13,5,9,16,4
13,5,10,6,1
13,5,11,39,1
13,5,12,15,3
13,5,13,19,4
13,5,14,31,1
13,5,15,14,2
13,5,16,69,4
13,5,17,25,4
13,5,18,28,2
13,5,19,68,1
13,5,20,92,4
13,5,21,93,1
13,5,22,36,1
13,5,23,67,2
13,5,24,88,2
13,5,25,5,1
13,5,26,46,4
13,5,27,58,1
13,5,28,21,2
13,5,29,74,4
13,5,30,26,3
13,5,31,27,3
13,5,32,44,4
13,5,33,35,4
13,5,34,17,3
13,5,35,34,2
13,5,36,85,1
13,5,37,77,2
13,5,38,60,3
13,5,39,89,2
13,5,40,10,4
13,5,41,1,2
13,5,42,53,4
13,5,43,15,1
13,5,44,50,3
13,5,45,7,3
13,5,46,52,1
13,5,47,54,3
13,5,48,73,3
13,5,49,40,3
13,5,50,16,3
13,5,51,23,4
13,5,52,96,1
13,5,53,94,1
13,5,54,42,4
13,5,55,33,3
13,5,56,11,1
13,5,57,39,3
13,5,58,47,4
13,5,59,90,2
13,5,60,3,3
13,6,1,82,3
13,6,2,41,4
13,6,3,84,4
13,6,4,51,1
13,6,5,56,2
13,6,6,32,4
13,6,7,48,4
13,6,8,30,2
13,6,9,13,2
13,6,10,91,3
13,6,11,49,1
13,6,12,79,2
13,6,13,95,1
13,6,14,59,4
13,6,15,8,2
13,6,16,81,1
13,6,17,61,1
13,6,18,24,1
13,6,19,4,3
13,6,20,37,2
13,6,21,18,1
13,6,22,72,2
13,6,23,38,1
13,6,24,45,2
13,6,25,76,4
13,6,26,63,4
13,6,27,80,3
13,6,28,57,4
13,6,29,22,2
13,6,30,70,4
13,6,31,9,3
13,6,32,65,2
13,6,33,87,1
13,6,34,2,4
13,6,35,78,2
13,6,36,29,4
13,6,37,66,4
13,6,38,83,3
13,6,39,12,1
13,6,40,43,4
13,6,41,20,4
13,6,42,55,4
13,6,43,75,1
13,6,44,64,4
13,6,45,6,4
13,6,46,71,2
13,6,47,86,3
13,6,48,62,1
13,6,49,53,3
13,6,50,20,4
13,6,51,43,4
13,6,52,11,2
13,6,53,28,3
13,6,54,94,1
13,6,55,71,3
13,6,56,64,4
13,6,57,21,1
13,6,58,54,1
13,6,59,9,1
13,6,60,95,3
13,7,1,90,2
13,7,2,92,2
13,7,3,73,1
13,7,4,50,3
13,7,5,23,4
13,7,6,84,4
13,7,7,56,4
13,7,8,47,1
13,7,9,14,2
13,7,10,46,4
13,7,11,4,1
13,7,12,40,4
13,7,13,35,1
13,7,14,25,1
13,7,15,22,3
13,7,16,7,4
13,7,17,81,1
13,7,18,89,3
13,7,19,6,2
13,7,20,48,3
13,7,21,60,3
13,7,22,17,2
13,7,23,3,3
13,7,24,88,1
13,7,25,49,3
13,7,26,75,1
13,7,27,77,3
13,7,28,36,3
13,7,29,26,4
13,7,30,41,1
13,7,31,12,4
13,7,32,38,1
13,7,33,24,3
13,7,34,32,3
13,7,35,61,3
13,7,36,57,1
13,7,37,39,3
13,7,38,78,3
13,7,39,1,4
13,7,40,52,2
13,7,41,66,4
13,7,42,51,2
13,7,43,10,3
13,7,44,79,2
13,7,45,91,2
13,7,46,55,2
13,7,47,30,4
13,7,48,69,2
13,7,49,34,3
13,7,50,62,4
13,7,51,31,3
13,7,52,67,3
13,7,53,59,4
13,7,54,65,2
13,7,55,8,1
13,7,56,27,2
13,7,57,15,2
13,7,58,33,3
13,7,59,82,1
13,7,60,63,4
14,1,1,14,4
14,1,2,19,2
14,1,3,17,2
14,1,4,4,3
14,1,5,18,4
14,1,6,8,4
14,1,7,1,2
14,1,8,22,3
14,1,9,9,4
14,1,10,6,2
14,1,11,3,1
14,1,12,21,4
14,1,13,2,2
14,1,14,7,4
14,1,15,5,4
14,1,16,12,3
14,1,17,16,1
14,1,18,24,4
14,1,19,20,1
14,1,20,13,4
14,1,21,23,3
14,1,22,11,4
14,1,23,15,1
14,1,24,10,2
14,2,1,11,3
14,2,2,16,4
14,2,3,6,3
14,2,4,13,4
14,2,5,84,1
14,2,6,46,1
14,2,7,35,2
14,2,8,94,3
14,2,9,29,3
14,2,10,80,4
14,2,11,21,4
14,2,12,67,3
14,2,13,33,2
14,2,14,89,4
14,2,15,66,1
14,2,16,85,1
14,2,17,51,1
14,2,18,17,2
14,2,19,9,2
14,2,20,8,1
14,2,21,2,1
14,2,22,3,3
14,2,23,53,1
14,2,24,95,2
14,2,25,74,4
14,2,26,82,1
14,2,27,41,3
14,2,28,73,3
14,2,29,34,2
14,2,30,93,3
14,2,31,56,1
14,2,32,23,1
14,2,33,45,3
14,2,34,83,3
14,2,35,55,1
14,2,36,90,4
14,2,37,81,3
14,2,38,36,4
14,2,39,75,3
14,2,40,30,4
14,2,41,65,2
14,2,42,47,3
14,2,43,69,3
14,2,44,28,2
14,2,45,40,3
14,2,46,58,2
14,2,47,88,3
14,2,48,19,3
14,2,49,68,3
14,2,50,60,2
14,2,51,48,1
14,2,52,63,3
14,2,53,77,1
14,2,54,86,4
14,2,55,32,2
14,2,56,18,2
14,2,57,22,3
14,2,58,57,1
14,2,59,4,2
14,2,60,72,2
14,3,1,10,2
14,3,2,12,2
14,3,3,37,1
14,3,4,31,2
14,3,5,44,4
14,3,6,50,1
14,3,7,38,3
14,3,8,43,1
14,3,9,49,1
14,3,10,87,2
14,3,11,78,4
14,3,12,96,4
14,3,13,42,2
14,3,14,64,2
14,3,15,92,1
14,3,16,62,3
14,3,17,27,1
14,3,18,24,1
14,3,19,5,2
14,3,20,91,1
14,3,21,71,1
14,3,22,39,3
14,3,23,7,4
14,3,24,14,1
14,3,25,15,2
14,3,26,76,4
14,3,27,26,1
14,3,28,1,4
14,3,29,52,1
14,3,30,79,1
14,3,31,59,2
14,3,32,61,4
14,3,33,25,1
14,3,34,54,1
14,3,35,70,3
14,3,36,20,2
14,3,37,46,3
14,3,38,17,3
14,3,39,81,3
14,3,40,20,3
14,3,41,83,3
14,3,42,67,4
14,3,43,95,1
14,3,44,62,2
14,3,45,58,3
14,3,46,87,1
14,3,47,25,1
14,3,48,43,1
14,3,49,38,3
14,3,50,78,2
14,3,51,21,2
14,3,52,59,3
14,3,53,32,4
14,3,54,66,4
14,3,55,6,2
14,3,56,12,2
14,3,57,18,2
14,3,58,44,3
14,3,59,42,2
14,3,60,1,2
14,4,1,65,4
14,4,2,51,1
14,4,3,96,3
14,4,4,85,3
14,4,5,49,4
14,4,6,52,1
14,4,7,14,1
14,4,8,11,3
14,4,9,90,1
14,4,10,94,1
14,4,11,8,4
14,4,12,61,2
14,4,13,24,1
14,4,14,75,2
14,4,15,55,4
14,4,16,2,3
14,4,16,88,4
14,4,17,29,1
14,4,18,50,2
14,4,19,39,1
14,4,20,40,3
14,4,21,3,4
14,4,22,22,1
14,4,23,47,4
14,4,24,36,4
14,4,25,48,2
14,4,26,92,3
14,4,27,60,4
14,4,28,13,1
14,4,29,37,4
14,4,30,73,1
14,4,31,35,1
14,4,32,53,1
14,4,33,7,2
14,4,34,10,4
14,4,35,33,2
14,4,36,84,2
14,4,37,30,1
14,4,38,19,2
14,4,39,70,2
14,4,40,34,2
14,4,41,15,3
14,4,42,56,1
14,4,43,16,4
14,4,44,5,3
14,4,45,41,1
14,4,46,89,3
14,4,47,54,1
14,4,48,57,4
14,4,49,72,4
14,4,50,74,2
14,4,51,31,3
14,4,52,77,3
14,4,53,86,4
14,4,54,79,1
14,4,55,2,3
14,4,55,88,4
14,4,56,82,1
14,4,57,64,2
14,4,58,9,1
14,4,59,63,2
14,4,60,91,3
14,5,1,71,3
14,5,2,26,1
14,5,3,69,2
14,5,4,28,4
14,5,5,4,4
14,5,6,27,3
14,5,7,80,1
14,5,8,93,3
14,5,9,76,2
14,5,10,68,3
14,5,11,23,3
14,5,12,45,2
14,5,13,51,1
14,5,14,11,2
14,5,15,31,2
14,5,16,38,1
14,5,17,65,1
14,5,18,78,1
14,5,19,53,4
14,5,20,66,3
14,5,21,26,3
14,5,22,55,3
14,5,23,63,1
14,5,24,14,4
14,5,25,92,1
14,5,26,73,3
14,5,27,76,3
14,5,28,12,1
14,5,29,41,4
14,5,30,74,3
14,5,31,30,4
14,5,32,1,4
14,5,33,86,2
14,5,34,2,4
14,5,35,46,1
14,5,36,20,1
14,5,37,25,4
14,5,38,75,2
14,5,39,77,4
14,5,40,94,3
14,5,41,60,3
14,5,42,7,4
14,5,43,91,4
14,5,44,69,1
14,5,45,52,2
14,5,46,83,1
14,5,47,23,3
14,5,48,29,1
14,5,49,58,3
14,5,50,42,2
14,5,51,49,4
14,5,52,68,1
14,5,53,43,4
14,5,54,6,4
14,5,55,28,2
14,5,56,67,2
14,5,57,8,2
14,5,58,80,1
14,5,59,22,4
14,5,60,95,1
14,6,1,62,1
14,6,2,15,2
14,6,3,71,2
14,6,4,32,4
14,6,5,35,2
14,6,6,24,2
14,6,7,13,4
14,6,8,17,3
14,6,9,5,1
14,6,10,39,4
14,6,11,45,1
14,6,12,37,3
14,6,13,79,1
14,6,14,47,2
14,6,15,87,2
14,6,16,84,1
14,6,17,10,2
14,6,18,81,2
14,6,19,56,4
14,6,20,4,1
14,6,21,44,1
14,6,22,9,2
14,6,23,85,2
14,6,24,82,1
14,6,25,36,3
14,6,26,40,1
14,6,27,2,3
14,6,27,88,4
14,6,28,89,4
14,6,29,57,4
14,6,30,3,2
14,6,31,19,2
14,6,32,70,1
14,6,33,16,4
14,6,34,21,4
14,6,35,90,2
14,6,36,18,3
14,6,37,33,2
14,6,38,61,1
14,6,39,48,1
14,6,40,96,2
14,6,41,72,2
14,6,42,59,2
14,6,43,50,2
14,6,44,54,3
14,6,45,64,1
14,6,46,34,3
14,6,47,93,3
14,6,48,27,2
14,6,49,26,4
14,6,50,79,1
14,6,51,44,2
14,6,52,45,2
14,6,53,38,4
14,6,54,3,2
14,6,55,2,3
14,6,55,88,4
14,6,56,93,4
14,6,57,36,4
14,6,58,62,4
14,6,59,58,4
14,6,60,94,1
14,7,1,46,1
14,7,2,96,3
14,7,3,68,4
14,7,4,72,3
14,7,5,21,4
14,7,6,20,2
14,7,7,60,2
14,7,8,34,3
14,7,9,54,3
14,7,10,65,2
14,7,11,7,4
14,7,12,31,3
14,7,13,13,3
14,7,14,14,4
14,7,15,22,3
14,7,16,53,3
14,7,17,81,1
14,7,18,89,3
14,7,19,47,3
14,7,20,78,1
14,7,21,66,3
14,7,22,56,3
14,7,23,91,2
14,7,24,85,4
14,7,25,41,1
14,7,26,73,2
14,7,27,23,1
14,7,28,32,4
14,7,29,37,1
14,7,30,83,3
14,7,31,6,2
14,7,32,17,4
14,7,33,57,3
14,7,34,95,2
14,7,35,42,2
14,7,36,5,4
14,7,37,50,1
14,7,38,69,2
14,7,39,55,2
14,7,40,8,3
14,7,41,10,4
14,7,42,28,3
14,7,43,15,2
14,7,44,35,2
14,7,45,39,3
14,7,46,16,1
14,7,47,1,3
14,7,48,4,3
14,7,49,75,4
14,7,50,52,1
14,7,51,43,2
14,7,52,70,1
14,7,53,18,1
14,7,54,61,4
14,7,55,11,3
14,7,56,74,3
14,7,57,84,2
14,7,58,48,2
14,7,59,67,2
14,7,60,82,1
15,1,1,18,4
15,1,2,6,3
15,1,3,15,4
15,1,4,8,1
15,1,5,2,3
15,1,6,19,1
15,1,7,11,1
15,1,8,5,2
15,1,9,14,1
15,1,10,21,2
15,1,11,1,1
15,1,12,4,4
15,1,13,9,2
15,1,14,12,4
15,1,15,7,1
15,1,16,20,2
15,1,17,10,3
15,1,18,3,3
15,1,19,17,1
15,1,20,13,4
15,1,21,23,4
15,1,22,24,4
15,1,23,16,1
15,1,24,22,1
15,2,1,83,2
15,2,2,75,2
15,2,3,19,2
15,2,4,52,4
15,2,5,9,4
15,2,6,11,4
15,2,7,70,1
15,2,8,60,3
15,2,9,23,2
15,2,10,43,2
15,2,11,29,4
15,2,12,49,1
15,2,13,96,1
15,2,14,39,3
15,2,15,3,4
15,2,16,61,3
15,2,17,68,2
15,2,18,32,3
15,2,19,64,2
15,2,20,33,1
15,2,21,31,1
15,2,22,41,3
15,2,23,51,1
15,2,24,86,1
15,2,25,85,2
15,2,26,48,3
15,2,27,21,4
15,2,28,16,1
15,2,29,30,1
15,2,30,55,4
15,2,31,25,3
15,2,32,58,2
15,2,33,91,4
15,2,34,1,4
15,2,35,22,4
15,2,36,76,2
15,2,37,2,3
15,2,37,88,4
15,2,38,5,3
15,2,39,40,2
15,2,40,78,2
15,2,41,17,3
15,2,42,50,1
15,2,43,57,4
15,2,44,72,1
15,2,45,93,2
15,2,46,7,4
15,2,47,6,2
15,2,48,94,3
15,2,49,73,4
15,2,50,88,1
15,2,51,74,3
15,2,52,46,3
15,2,53,18,1
15,2,54,28,1
15,2,55,80,1
15,2,56,54,4
15,2,57,47,2
15,2,58,10,2
15,2,59,12,3
15,2,60,65,2
15,3,1,38,3
15,3,2,84,3
15,3,3,35,2
15,3,4,8,2
15,3,5,71,1
15,3,6,81,3
15,3,7,82,2
15,3,8,89,2
15,3,9,67,2
15,3,10,36,2
15,3,11,34,2
15,3,12,27,3
15,3,13,4,2
15,3,14,37,3
15,3,15,62,4
15,3,16,77,3
15,3,17,26,2
15,3,18,95,3
15,3,19,20,1
15,3,20,13,4
15,3,21,14,3
15,3,22,66,1
15,3,23,15,2
15,3,24,42,4
15,3,25,24,1
15,3,26,59,4
15,3,27,63,3
15,3,28,87,3
15,3,29,90,2
15,3,30,92,1
15,3,31,56,2
15,3,32,53,4
15,3,33,45,3
15,3,34,79,3
15,3,35,69,3
15,3,36,44,1
15,3,37,31,2
15,3,38,18,2
15,3,39,90,4
15,3,40,66,2
15,3,41,25,3
15,3,42,74,3
15,3,43,5,1
15,3,44,89,4
15,3,45,6,1
15,3,46,15,2
15,3,47,67,4
15,3,48,64,2
15,3,49,45,1
15,3,50,1,4
15,3,51,73,2
15,3,52,69,1
15,3,53,19,2
15,3,54,50,3
15,3,55,72,4
15,3,56,81,3
15,3,57,33,3
15,3,58,4,3
15,3,59,93,2
15,3,60,86,3
15,4,1,88,1
15,4,2,80,3
15,4,3,22,3
15,4,4,37,4
15,4,5,91,4
15,4,6,24,2
15,4,7,3,3
15,4,8,47,3
15,4,9,26,3
15,4,10,42,2
15,4,11,85,2
15,4,12,43,4
15,4,13,51,1
15,4,14,20,3
15,4,15,44,4
15,4,16,32,3
15,4,17,60,1
15,4,18,70,4
15,4,19,94,3
15,4,20,11,1
15,4,21,21,4
15,4,22,96,4
15,4,23,62,4
15,4,24,76,3
15,4,25,2,2
15,4,26,87,3
15,4,27,8,1
15,4,28,83,1
15,4,29,48,2
15,4,30,75,2
15,4,31,49,4
15,4,32,59,4
15,4,33,52,4
15,4,34,57,3
15,4,35,39,4
15,4,36,65,2
15,4,37,9,3
15,4,38,53,3
15,4,39,7,4
15,4,40,35,3
15,4,41,55,2
15,4,42,68,4
15,4,43,17,3
15,4,44,92,3
15,4,45,27,1
15,4,46,13,3
15,4,47,40,2
15,4,48,61,2
15,4,49,38,1
15,4,50,82,2
15,4,51,41,1
15,4,52,12,1
15,4,53,23,1
15,4,54,56,1
15,4,55,36,4
15,4,56,16,1
15,4,57,14,2
15,4,58,34,2
15,4,59,46,3
15,4,60,77,4
15,5,1,78,4
15,5,2,30,4
15,5,3,58,3
15,5,4,63,4
15,5,5,54,1
15,5,6,10,3
15,5,7,29,3
15,5,8,84,2
15,5,9,71,2
15,5,10,95,2
15,5,11,28,1
15,5,12,79,2
15,5,13,32,4
15,5,14,39,1
15,5,15,51,1
15,5,16,40,2
15,5,17,74,4
15,5,18,56,1
15,5,19,92,3
15,5,20,53,4
15,5,21,1,3
15,5,22,14,2
15,5,23,4,4
15,5,24,49,2
15,5,25,43,1
15,5,26,94,3
15,5,27,61,3
15,5,28,13,4
15,5,29,33,3
15,5,30,95,2
15,5,31,93,2
15,5,32,27,3
15,5,33,12,4
15,5,34,60,3
15,5,35,36,3
15,5,36,90,1
15,5,37,26,2
15,5,38,31,3
15,5,39,80,1
15,5,40,16,4
15,5,41,30,4
15,5,42,59,4
15,5,43,75,3
15,5,44,78,2
15,5,45,54,2
15,5,46,57,4
15,5,47,65,3
15,5,48,72,2
15,5,49,47,3
15,5,50,20,4
15,5,51,52,3
15,5,52,48,1
15,5,53,66,4
15,5,54,17,3
15,5,55,23,2
15,5,56,79,4
15,5,57,50,3
15,5,58,18,1
15,5,59,87,4
15,5,60,46,3
15,6,1,28,2
15,6,2,5,4
15,6,3,89,1
15,6,4,8,4
15,6,5,35,4
15,6,6,41,4
15,6,7,37,4
15,6,8,71,2
15,6,9,77,4
15,6,10,55,2
15,6,11,67,4
15,6,12,10,1
15,6,13,69,2
15,6,14,42,1
15,6,15,86,3
15,6,16,2,3
15,6,16,88,4
15,6,17,3,3
15,6,18,63,2
15,6,19,38,2
15,6,20,11,3
15,6,21,25,1
15,6,22,9,3
15,6,23,22,2
15,6,24,84,1
15,6,25,19,3
15,6,26,85,3
15,6,27,6,2
15,6,28,58,3
15,6,29,73,1
15,6,30,76,4
15,6,31,34,4
15,6,32,45,4
15,6,33,29,3
15,6,34,96,3
15,6,35,82,4
15,6,36,83,1
15,6,37,88,2
15,6,38,7,4
15,6,39,68,4
15,6,40,64,2
15,6,41,15,1
15,6,42,44,4
15,6,43,70,3
15,6,44,21,1
15,6,45,62,4
15,6,46,24,3
15,6,47,81,3
15,6,48,91,1
15,6,49,4,2
15,6,50,32,4
15,6,51,54,4
15,6,52,95,1
15,6,53,75,3
15,6,54,34,1
15,6,55,45,3
15,6,56,49,3
15,6,57,25,3
15,6,58,41,4
15,6,59,18,2
15,6,60,58,1
15,7,1,78,2
15,7,2,12,2
15,7,3,38,2
15,7,4,5,2
15,7,5,90,3
15,7,6,13,3
15,7,7,92,3
15,7,8,67,3
15,7,9,20,4
15,7,10,62,3
15,7,11,65,2
15,7,12,33,4
15,7,13,10,4
15,7,14,39,4
15,7,15,70,1
15,7,16,15,1
15,7,17,89,1
15,7,18,94,2
15,7,19,47,4
15,7,20,85,3
15,7,21,84,2
15,7,22,87,2
15,7,23,80,4
15,7,24,11,2
15,7,25,86,1
15,7,26,73,4
15,7,27,77,1
15,7,28,17,3
15,7,29,53,2
15,7,30,3,1
15,7,31,59,1
15,7,32,27,4
15,7,33,57,2
15,7,34,31,3
15,7,35,42,2
15,7,36,29,1
15,7,37,82,4
15,7,38,16,1
15,7,39,56,1
15,7,40,91,1
15,7,41,66,4
15,7,42,19,1
15,7,43,48,4
15,7,44,37,2
15,7,45,44,4
15,7,46,28,1
15,7,47,72,3
15,7,48,88,2
15,7,49,68,1
15,7,50,26,3
15,7,51,36,3
15,7,52,8,4
15,7,53,43,2
15,7,54,74,3
15,7,55,21,4
15,7,56,61,3
15,7,57,81,3
15,7,58,93,2
15,7,59,83,3
15,7,60,79,3
16,1,1,1,4
16,1,2,19,4
16,1,3,24,3
16,1,4,8,3
16,1,5,6,2
16,1,6,10,3
16,1,7,13,3
16,1,8,11,3
16,1,9,16,1
16,1,10,7,3
16,1,11,21,4
16,1,12,15,4
16,1,13,5,3
16,1,14,14,4
16,1,15,18,3
16,1,16,3,3
16,1,17,2,3
16,1,18,9,1
16,1,19,20,4
16,1,20,17,2
16,1,21,4,2
16,1,22,12,2
16,1,23,23,2
16,1,24,22,3
16,2,1,38,2
16,2,2,78,2
16,2,3,52,3
16,2,4,37,3
16,2,5,88,3
16,2,6,96,3
16,2,7,51,2
16,2,8,30,2
16,2,9,87,3
16,2,10,29,2
16,2,11,79,4
16,2,12,47,3
16,2,13,76,2
16,2,14,3,4
16,2,15,48,4
16,2,16,14,1
16,2,17,91,4
16,2,18,65,4
16,2,19,32,3
16,2,20,66,3
16,2,21,71,3
16,2,22,61,2
16,2,23,69,4
16,2,24,21,3
16,2,25,67,1
16,2,26,53,4
16,2,27,42,2
16,2,28,43,2
16,2,29,22,1
16,2,30,10,4
16,2,31,2,2
16,2,32,36,3
16,2,33,73,1
16,2,34,17,2
16,2,35,60,4
16,2,36,55,3
16,2,37,92,2
16,2,38,40,2
16,2,39,23,2
16,2,40,57,3
16,2,41,6,2
16,2,42,24,1
16,2,43,90,2
16,2,44,75,4
16,2,45,18,2
16,2,46,39,3
16,2,47,70,2
16,2,48,12,1
16,2,49,84,2
16,2,50,25,2
16,2,51,5,1
16,2,52,83,2
16,2,53,45,2
16,2,54,20,2
16,2,55,31,4
16,2,56,1,4
16,2,57,86,2
16,2,58,8,3
16,2,59,28,3
16,2,60,27,4
16,3,1,74,3
16,3,2,13,2
16,3,3,80,4
16,3,4,68,4
16,3,5,26,3
16,3,6,4,2
16,3,7,77,4
16,3,8,54,1
16,3,9,93,2
16,3,10,11,1
16,3,11,85,2
16,3,12,63,3
16,3,13,19,4
16,3,14,62,3
16,3,15,72,1
16,3,16,35,2
16,3,17,81,2
16,3,18,56,1
16,3,19,49,4
16,3,20,15,2
16,3,21,33,3
16,3,22,34,4
16,3,23,58,4
16,3,24,44,4
16,3,25,82,4
16,3,26,9,3
16,3,27,64,4
16,3,28,89,1
16,3,29,16,1
16,3,30,95,2
16,3,31,7,4
16,3,32,46,1
16,3,33,59,4
16,3,34,50,3
16,3,35,41,1
16,3,36,94,4
16,3,37,57,2
16,3,38,69,1
16,3,39,73,2
16,3,40,3,3
16,3,41,11,2
16,3,42,76,4
16,3,43,34,3
16,3,44,71,1
16,3,45,50,3
16,3,46,68,3
16,3,47,44,3
16,3,48,38,3
16,3,49,80,4
16,3,50,12,1
16,3,51,17,3
16,3,52,66,3
16,3,53,41,3
16,3,54,23,2
16,3,55,8,1
16,3,56,90,1
16,3,57,9,1
16,3,58,70,4
16,3,59,1,3
16,3,60,62,1
16,4,1,40,3
16,4,2,86,2
16,4,3,25,2
16,4,4,31,3
16,4,5,18,3
16,4,6,6,2
16,4,7,37,2
16,4,8,63,1
16,4,9,54,2
16,4,10,26,3
16,4,11,20,3
16,4,12,43,3
16,4,13,4,1
16,4,14,74,2
16,4,15,30,4
16,4,16,93,1
16,4,17,15,1
16,4,18,39,4
16,4,19,79,3
16,4,20,45,1
16,4,21,2,3
16,4,21,88,4
16,4,22,19,4
16,4,23,56,2
16,4,24,67,2
16,4,25,36,3
16,4,26,58,1
16,4,27,48,1
16,4,28,89,1
16,4,29,59,4
16,4,30,94,2
16,4,31,55,2
16,4,32,78,3
16,4,33,32,3
16,4,34,88,3
16,4,35,42,1
16,4,36,72,2
16,4,37,85,3
16,4,38,14,1
16,4,39,35,4
16,4,40,49,2
16,4,41,64,3
16,4,42,33,3
16,4,43,28,3
16,4,44,24,3
16,4,45,77,4
16,4,46,46,2
16,4,47,47,4
16,4,48,81,2
16,4,49,52,3
16,4,50,83,2
16,4,51,16,4
16,4,52,29,2
16,4,53,75,4
16,4,54,13,2
16,4,55,21,1
16,4,56,92,3
16,4,57,53,4
16,4,58,65,3
16,4,59,22,3
16,4,60,91,1
16,5,1,7,2
16,5,2,5,3
16,5,3,61,2
16,5,4,82,1
16,5,5,84,2
16,5,6,27,4
16,5,7,96,3
16,5,8,10,3
16,5,9,60,3
16,5,10,87,1
16,5,11,51,4
16,5,12,95,3
16,5,13,76,4
16,5,14,7,2
16,5,15,68,4
16,5,16,5,4
16,5,17,37,4
16,5,18,29,4
16,5,19,57,4
16,5,20,81,2
16,5,21,18,2
16,5,22,51,1
16,5,23,74,3
16,5,24,32,4
16,5,25,20,3
16,5,26,47,1
16,5,27,53,4
16,5,28,70,3
16,5,29,61,3
16,5,30,54,2
16,5,31,79,3
16,5,32,96,3
16,5,33,38,4
16,5,34,59,4
16,5,35,77,1
16,5,36,75,1
16,5,37,17,2
16,5,38,69,3
16,5,39,35,3
16,5,40,78,1
16,5,41,71,2
16,5,42,34,4
16,5,43,62,2
16,5,44,22,3
16,5,45,4,3
16,5,46,36,2
16,5,47,55,4
16,5,48,30,4
16,5,49,6,4
16,5,50,8,2
16,5,51,1,4
16,5,52,48,1
16,5,53,28,3
16,5,54,45,3
16,5,55,33,3
16,5,56,66,3
16,5,57,9,4
16,5,58,84,1
16,5,59,46,3
16,5,60,72,2
16,6,1,11,3
16,6,2,2,3
16,6,2,88,4
16,6,3,14,3
16,6,4,44,4
16,6,5,94,4
16,6,6,88,3
16,6,7,87,3
16,6,8,49,3
16,6,9,10,2
16,6,10,52,4
16,6,11,85,3
16,6,12,58,1
16,6,13,83,3
16,6,14,27,2
16,6,15,43,3
16,6,16,16,1
16,6,17,90,2
16,6,18,23,3
16,6,19,95,3
16,6,20,19,2
16,6,21,25,4
16,6,22,65,2
16,6,23,86,3
16,6,24,26,3
16,6,25,91,3
16,6,26,82,2
16,6,27,15,3
16,6,28,24,2
16,6,29,92,2
16,6,30,89,2
16,6,31,60,4
16,6,32,80,1
16,6,33,40,3
16,6,34,39,3
16,6,35,50,3
16,6,36,41,3
16,6,37,13,4
16,6,38,64,4
16,6,39,12,3
16,6,40,31,3
16,6,41,73,1
16,6,42,56,1
16,6,43,3,3
16,6,44,42,3
16,6,45,93,2
16,6,46,63,3
16,6,47,67,4
16,6,48,21,2
16,6,49,4,3
16,6,50,93,1
16,6,51,54,3
16,6,52,7,3
16,6,53,44,4
16,6,54,35,3
16,6,55,43,2
16,6,56,89,4
16,6,57,73,3
16,6,58,6,4
16,6,59,69,2
16,6,60,56,2
16,7,1,46,4
16,7,2,82,2
16,7,3,91,4
16,7,4,66,3
16,7,5,96,3
16,7,6,61,2
16,7,7,90,2
16,7,8,5,2
16,7,9,81,3
16,7,10,88,2
16,7,11,45,3
16,7,12,18,2
16,7,13,64,3
16,7,14,17,4
16,7,15,41,3
16,7,16,53,3
16,7,17,55,3
16,7,18,30,2
16,7,19,84,1
16,7,20,72,2
16,7,21,36,1
16,7,22,11,3
16,7,23,63,3
16,7,24,85,3
16,7,25,16,2
16,7,26,78,2
16,7,27,74,1
16,7,28,76,1
16,7,29,47,3
16,7,30,10,3
16,7,31,24,4
16,7,32,67,4
16,7,33,49,3
16,7,34,23,3
16,7,35,71,4
16,7,36,60,1
16,7,37,57,2
16,7,38,34,2
16,7,39,19,4
16,7,40,79,3
16,7,41,77,4
16,7,42,25,2
16,7,43,48,3
16,7,44,21,4
16,7,45,9,4
16,7,46,68,4
16,7,47,92,2
16,7,48,2,1
16,7,49,42,2
16,7,50,50,1
16,7,51,86,1
16,7,52,95,3
16,7,53,40,3
16,7,54,83,3
16,7,55,38,1
16,7,56,58,4
16,7,57,32,4
16,7,58,26,3
16,7,59,3,4
16,7,60,75,3
17,1,1,15,2
17,1,2,11,3
17,1,3,19,3
17,1,4,17,2
17,1,5,22,3
17,1,6,3,2
17,1,7,13,1
17,1,8,5,4
17,1,9,24,1
17,1,10,12,4
17,1,11,7,1
17,1,12,4,3
17,1,13,1,2
17,1,14,9,1
17,1,15,18,4
17,1,16,6,3
17,1,17,10,4
17,1,18,14,2
17,1,19,23,4
17,1,20,2,4
17,1,21,20,3
17,1,22,21,4
17,1,23,16,2
17,1,24,8,3
17,2,1,23,2
17,2,2,90,3
17,2,3,24,3
17,2,4,57,3
17,2,5,5,3
17,2,6,50,3
17,2,7,58,2
17,2,8,38,3
17,2,9,17,2
17,2,10,64,2
17,2,11,60,4
17,2,12,37,3
17,2,13,59,4
17,2,14,13,3
17,2,15,3,3
17,2,16,43,1
17,2,17,9,4
17,2,18,52,4
17,2,19,51,4
17,2,20,16,4
17,2,21,21,1
17,2,22,83,4
17,2,23,39,4
17,2,24,72,4
17,2,25,4,4
17,2,26,34,3
17,2,27,55,2
17,2,28,81,3
17,2,29,77,4
17,2,30,78,1
17,2,31,69,2
17,2,32,79,3
17,2,33,95,1
17,2,34,8,3
17,2,35,31,3
17,2,36,73,3
17,2,37,41,2
17,2,38,80,2
17,2,39,56,2
17,2,40,91,2
17,2,41,10,4
17,2,42,29,3
17,2,43,1,1
17,2,44,84,4
17,2,45,49,1
17,2,46,82,3
17,2,47,71,3
17,2,48,7,1
17,2,49,63,3
17,2,50,85,4
17,2,51,54,1
17,2,52,14,4
17,2,53,19,2
17,2,54,48,2
17,2,55,26,3
17,2,56,35,3
17,2,57,74,4
17,2,58,18,1
17,2,59,96,4
17,2,60,28,3
17,3,1,93,2
17,3,2,2,3
17,3,2,88,4
17,3,3,68,4
17,3,4,12,2
17,3,5,40,4
17,3,6,70,4
17,3,7,45,1
17,3,8,66,1
17,3,9,94,2
17,3,10,25,3
17,3,11,20,4
17,3,12,87,3
17,3,13,86,1
17,3,14,6,2
17,3,15,61,3
17,3,16,15,2
17,3,17,32,1
17,3,18,65,2
17,3,19,47,3
17,3,20,11,3
17,3,21,92,4
17,3,22,89,1
17,3,23,33,3
17,3,24,53,2
17,3,25,42,1
17,3,26,22,2
17,3,27,36,2
17,3,28,62,2
17,3,29,2,2
17,3,30,27,4
17,3,31,76,2
17,3,32,75,2
17,3,33,46,1
17,3,34,67,4
17,3,35,30,4
17,3,36,44,1
17,3,37,82,2
17,3,38,48,3
17,3,39,6,1
17,3,40,52,4
17,3,41,53,4
17,3,42,83,1
17,3,43,86,1
17,3,44,27,1
17,3,45,24,2
17,3,46,14,1
17,3,47,38,4
17,3,48,76,1
17,3,49,35,1
17,3,50,29,2
17,3,51,87,1
17,3,52,7,1
17,3,53,73,2
17,3,54,25,4
17,3,55,59,1
17,3,56,18,3
17,3,57,95,3
17,3,58,9,4
17,3,59,51,3
17,3,60,74,2
17,4,1,62,3
17,4,2,80,4
17,4,3,3,3
17,4,4,37,1
17,4,5,8,4
17,4,6,45,3
17,4,7,13,3
17,4,8,60,3
17,4,9,94,2
17,4,10,40,2
17,4,11,66,4
17,4,12,19,1
17,4,13,88,2
17,4,14,93,3
17,4,15,84,4
17,4,16,20,4
17,4,17,49,4
17,4,18,46,3
17,4,19,77,2
17,4,20,90,1
17,4,21,85,3
17,4,22,30,2
17,4,23,17,3
17,4,24,33,1
17,4,25,56,2
17,4,26,10,3
17,4,27,34,1
17,4,28,65,3
17,4,29,26,2
17,4,30,61,3
17,4,31,58,2
17,4,32,42,1
17,4,33,12,4
17,4,34,79,3
17,4,35,67,2
17,4,36,5,3
17,4,37,54,1
17,4,38,81,2
17,4,39,1,3
17,4,40,91,1
17,4,41,47,4
17,4,42,72,1
17,4,43,63,2
17,4,44,89,1
17,4,45,28,3
17,4,46,21,1
17,4,47,41,1
17,4,48,4,3
17,4,49,69,3
17,4,50,71,4
17,4,51,11,3
17,4,52,44,2
17,4,53,96,2
17,4,54,75,3
17,4,55,50,2
17,4,56,78,2
17,4,57,31,2
17,4,58,32,4
17,4,59,36,3
17,4,60,57,3
17,5,1,70,1
17,5,2,15,3
17,5,3,23,1
17,5,4,64,2
17,5,5,16,1
17,5,6,2,3
17,5,6,88,4
17,5,7,55,2
17,5,8,39,4
17,5,9,68,3
17,5,10,22,4
17,5,11,43,4
17,5,12,92,3
17,5,13,69,1
17,5,14,64,3
17,5,15,19,1
17,5,16,38,2
17,5,17,66,4
17,5,18,67,3
17,5,19,56,1
17,5,20,63,3
17,5,21,30,4
17,5,22,40,2
17,5,23,61,3
17,5,24,1,4
17,5,25,9,4
17,5,26,96,2
17,5,27,84,1
17,5,28,35,2
17,5,29,8,3
17,5,30,5,2
17,5,31,25,1
17,5,32,77,3
17,5,33,54,4
17,5,34,22,2
17,5,35,6,1
17,5,36,91,1
17,5,37,39,2
17,5,38,31,3
17,5,39,79,2
17,5,40,55,2
17,5,41,58,1
17,5,42,90,1
17,5,43,78,2
17,5,44,68,4
17,5,45,76,2
17,5,46,59,3
17,5,47,62,2
17,5,48,88,1
17,5,49,86,4
17,5,50,12,1
17,5,51,95,3
17,5,52,15,1
17,5,53,44,3
17,5,54,29,2
17,5,55,46,1
17,5,56,28,4
17,5,57,10,1
17,5,58,13,2
17,5,59,2,3
17,5,59,88,4
17,5,60,23,4
17,6,1,32,2
17,6,2,85,2
17,6,3,72,4
17,6,4,21,4
17,6,5,57,4
17,6,6,89,1
17,6,7,74,2
17,6,8,26,3
17,6,9,52,4
17,6,10,47,4
17,6,11,20,1
17,6,12,48,2
17,6,13,80,1
17,6,14,82,1
17,6,15,36,1
17,6,16,65,2
17,6,17,27,3
17,6,18,37,3
17,6,19,42,1
17,6,20,3,1
17,6,21,16,3
17,6,22,94,3
17,6,23,14,4
17,6,24,75,2
17,6,25,17,2
17,6,26,81,2
17,6,27,49,3
17,6,28,43,3
17,6,29,60,3
17,6,30,53,1
17,6,31,92,2
17,6,32,4,2
17,6,33,33,4
17,6,34,50,2
17,6,35,11,3
17,6,36,34,4
17,6,37,51,4
17,6,38,93,4
17,6,39,70,3
17,6,40,24,3
17,6,41,18,4
17,6,42,7,4
17,6,43,41,4
17,6,44,87,3
17,6,45,45,4
17,6,46,73,4
17,6,47,71,1
17,6,48,83,1
17,6,49,3,3
17,6,50,7,4
17,6,51,45,1
17,6,52,4,2
17,6,53,39,4
17,6,54,23,1
17,6,55,49,2
17,6,56,17,3
17,6,57,50,1
17,6,58,5,1
17,6,59,73,4
17,6,60,2,3
17,6,60,88,4
17,7,1,69,1
17,7,2,83,3
17,7,3,2,3
17,7,3,88,4
17,7,4,24,3
17,7,5,59,3
17,7,6,90,2
17,7,7,46,2
17,7,8,87,1
17,7,9,14,3
17,7,10,36,2
17,7,11,30,1
17,7,12,1,2
17,7,13,25,1
17,7,14,61,2
17,7,15,43,4
17,7,16,19,3
17,7,17,79,2
17,7,18,70,2
17,7,19,38,2
17,7,20,95,4
17,7,21,21,4
17,7,22,18,1
17,7,23,8,1
17,7,24,31,2
17,7,25,77,3
17,7,26,81,3
17,7,27,72,1
17,7,28,82,2
17,7,29,85,2
17,7,30,52,1
17,7,31,92,1
17,7,32,44,4
17,7,33,33,2
17,7,34,42,4
17,7,35,78,4
17,7,36,56,1
17,7,37,74,3
17,7,38,57,4
17,7,39,47,3
17,7,40,29,1
17,7,41,51,1
17,7,42,84,1
17,7,43,60,1
17,7,44,96,2
17,7,45,63,3
17,7,46,75,1
17,7,47,67,1
17,7,48,22,3
17,7,49,28,3
17,7,50,35,3
17,7,51,32,4
17,7,52,34,3
17,7,53,15,3
17,7,54,12,4
17,7,55,62,1
17,7,56,58,3
17,7,57,48,4
17,7,58,91,3
17,7,59,68,4
17,7,60,26,3
18,1,1,10,1
18,1,2,3,2
18,1,3,22,3
18,1,4,21,1
18,1,5,2,2
18,1,6,9,4
18,1,7,5,3
18,1,8,24,3
18,1,9,1,2
18,1,10,17,1
18,1,11,8,2
18,1,12,18,2
18,1,13,7,4
18,1,14,15,4
18,1,15,12,1
18,1,16,13,2
18,1,17,11,2
18,1,18,19,3
18,1,19,4,2
18,1,20,16,4
18,1,21,23,4
18,1,22,6,2
18,1,23,14,1
18,1,24,20,3
18,2,1,94,4
18,2,2,48,4
18,2,3,14,1
18,2,4,24,1
18,2,5,35,3
18,2,6,2,1
18,2,7,89,1
18,2,8,16,4
18,2,9,1,1
18,2,10,59,2
18,2,11,7,1
18,2,12,39,3
18,2,13,83,2
18,2,14,51,1
18,2,15,9,1
18,2,16,19,1
18,2,17,44,3
18,2,18,63,2
18,2,19,18,3
18,2,20,33,1
18,2,21,78,1
18,2,22,11,2
18,2,23,75,4
18,2,24,4,2
18,2,25,57,2
18,2,26,25,3
18,2,27,68,3
18,2,28,49,4
18,2,29,66,2
18,2,30,26,1
18,2,31,3,3
18,2,32,46,3
18,2,33,58,2
18,2,34,69,3
18,2,35,77,1
18,2,36,70,1
18,2,37,17,2
18,2,38,29,3
18,2,39,80,2
18,2,40,41,1
18,2,41,50,2
18,2,42,40,1
18,2,43,20,2
18,2,44,96,2
18,2,45,73,4
18,2,46,38,4
18,2,47,54,1
18,2,48,86,1
18,2,49,87,3
18,2,50,62,3
18,2,51,27,2
18,2,52,12,4
18,2,53,53,2
18,2,54,6,2
18,2,55,42,1
18,2,56,71,2
18,2,57,36,4
18,2,58,56,3
18,2,59,90,2
18,2,60,43,4
18,3,1,23,2
18,3,2,52,3
18,3,3,10,2
18,3,4,45,1
18,3,5,64,1
18,3,6,15,4
18,3,7,74,2
18,3,8,31,2
18,3,9,88,2
18,3,10,79,3
18,3,11,95,2
18,3,12,91,1
18,3,13,30,4
18,3,14,85,2
18,3,15,82,2
18,3,16,84,4
18,3,17,93,3
18,3,18,37,1
18,3,19,92,3
18,3,20,8,4
18,3,21,81,4
18,3,22,60,2
18,3,23,21,4
18,3,24,22,2
18,3,25,34,2
18,3,26,65,4
18,3,27,72,2
18,3,28,13,2
18,3,29,55,1
18,3,30,76,4
18,3,31,32,4
18,3,32,5,2
18,3,33,47,1
18,3,34,67,3
18,3,35,61,1
18,3,36,28,1
18,3,37,32,3
18,3,38,3,2
18,3,39,30,1
18,3,40,18,1
18,3,41,8,1
18,3,42,48,2
18,3,43,74,4
18,3,44,28,1
18,3,45,6,1
18,3,46,1,4
18,3,47,43,1
18,3,48,55,4
18,3,49,38,3
18,3,50,65,1
18,3,51,69,3
18,3,52,14,4
18,3,53,26,4
18,3,54,88,2
18,3,55,24,2
18,3,56,82,2
18,3,57,16,2
18,3,58,87,3
18,3,59,54,2
18,3,60,59,3
18,4,1,85,4
18,4,2,20,3
18,4,3,47,4
18,4,4,17,2
18,4,5,31,2
18,4,6,89,2
18,4,7,49,2
18,4,8,15,4
18,4,9,93,1
18,4,10,60,2
18,4,11,9,4
18,4,12,68,2
18,4,13,50,3
18,4,14,2,3
18,4,14,88,4
18,4,15,66,1
18,4,16,5,1
18,4,17,12,3
18,4,18,70,1
18,4,19,58,3
18,4,20,27,3
18,4,21,95,1
18,4,22,53,1
18,4,23,35,2
18,4,24,62,4
18,4,25,76,3
18,4,26,34,1
18,4,27,64,2
18,4,28,44,3
18,4,29,40,1
18,4,30,42,1
18,4,31,29,4
18,4,32,23,3
18,4,33,41,1
18,4,34,71,1
18,4,35,94,1
18,4,36,13,4
18,4,37,61,4
18,4,38,45,1
18,4,39,37,1
18,4,40,52,3
18,4,41,79,1
18,4,42,77,2
18,4,43,51,4
18,4,44,91,2
18,4,45,11,3
18,4,46,25,4
18,4,47,90,3
18,4,48,10,3
18,4,49,57,4
18,4,50,86,4
18,4,51,80,2
18,4,52,83,4
18,4,53,92,3
18,4,54,72,1
18,4,55,73,3
18,4,56,21,3
18,4,57,7,4
18,4,58,19,3
18,4,59,78,3
18,4,60,81,3
18,5,1,63,2
18,5,2,36,2
18,5,3,4,2
18,5,4,56,1
18,5,5,46,4
18,5,6,67,3
18,5,7,96,4
18,5,8,75,3
18,5,9,39,4
18,5,10,84,4
18,5,11,33,3
18,5,12,22,3
18,5,13,16,3
18,5,14,52,3
18,5,15,67,2
18,5,16,93,4
18,5,17,3,3
18,5,18,92,2
18,5,19,69,1
18,5,20,58,3
18,5,21,96,3
18,5,22,32,2
18,5,23,29,1
18,5,24,55,4
18,5,25,5,2
18,5,26,42,1
18,5,27,21,4
18,5,28,28,4
18,5,29,40,3
18,5,30,25,2
18,5,31,75,3
18,5,32,84,1
18,5,33,50,2
18,5,34,48,1
18,5,35,90,2
18,5,36,56,4
18,5,37,31,2
18,5,38,72,4
18,5,39,43,2
18,5,40,36,2
18,5,41,19,4
18,5,42,73,3
18,5,43,9,3
18,5,44,47,2
18,5,45,89,1
18,5,46,14,1
18,5,47,83,2
18,5,48,64,2
18,5,49,62,2
18,5,50,76,2
18,5,51,39,3
18,5,52,26,4
18,5,53,94,1
18,5,54,59,2
18,5,55,60,2
18,5,56,15,3
18,5,57,2,1
18,5,58,85,1
18,5,59,27,1
18,5,60,23,3
18,6,1,88,3
18,6,2,20,2
18,6,3,82,3
18,6,4,63,4
18,6,5,17,3
18,6,6,81,2
18,6,7,66,2
18,6,8,57,4
18,6,9,74,1
18,6,10,8,1
18,6,11,38,2
18,6,12,61,2
18,6,13,95,3
18,6,14,22,3
18,6,15,49,4
18,6,16,11,1
18,6,17,37,3
18,6,18,54,2
18,6,19,10,4
18,6,20,34,2
18,6,21,46,1
18,6,22,78,1
18,6,23,12,4
18,6,24,79,1
18,6,25,68,1
18,6,26,70,2
18,6,27,33,2
18,6,28,80,1
18,6,29,44,3
18,6,30,51,4
18,6,31,35,2
18,6,32,24,4
18,6,33,77,3
18,6,34,65,3
18,6,35,45,1
18,6,36,13,1
18,6,37,87,1
18,6,38,6,3
18,6,39,4,2
18,6,40,53,2
18,6,41,30,3
18,6,42,7,3
18,6,43,1,2
18,6,44,86,2
18,6,45,91,3
18,6,46,18,1
18,6,47,41,1
18,6,48,71,4
18,6,49,12,2
18,6,50,2,2
18,6,51,21,2
18,6,52,17,2
18,6,53,68,3
18,6,54,55,2
18,6,55,37,4
18,6,56,47,4
18,6,57,16,1
18,6,58,91,3
18,6,59,22,1
18,6,60,10,2
18,7,1,81,1
18,7,2,87,1
18,7,3,94,2
18,7,4,25,1
18,7,5,43,2
18,7,6,54,1
18,7,7,28,1
18,7,8,19,2
18,7,9,67,3
18,7,10,96,1
18,7,11,45,3
18,7,12,80,4
18,7,13,24,2
18,7,14,85,2
18,7,15,34,1
18,7,16,48,2
18,7,17,89,2
18,7,18,59,1
18,7,19,23,4
18,7,20,84,3
18,7,21,31,4
18,7,22,6,4
18,7,23,90,1
18,7,24,30,4
18,7,25,78,1
18,7,26,77,3
18,7,27,36,1
18,7,28,51,3
18,7,29,14,3
18,7,30,3,1
18,7,31,27,1
18,7,32,64,1
18,7,33,72,3
18,7,34,39,4
18,7,35,13,2
18,7,36,70,2
18,7,37,92,2
18,7,38,82,4
18,7,39,69,3
18,7,40,93,2
18,7,41,76,2
18,7,42,95,2
18,7,43,35,2
18,7,44,9,2
18,7,45,75,3
18,7,46,65,1
18,7,47,46,1
18,7,48,66,1
18,7,49,60,1
18,7,50,15,2
18,7,51,7,1
18,7,52,53,4
18,7,53,44,1
18,7,54,74,4
18,7,55,33,4
18,7,56,62,1
18,7,57,83,2
18,7,58,56,4
18,7,59,49,2
18,7,60,32,3
19,1,1,5,2
19,1,2,15,2
19,1,3,23,2
19,1,4,2,4
19,1,5,18,2
19,1,6,17,1
19,1,7,4,2
19,1,8,20,1
19,1,9,7,2
19,1,10,22,4
19,1,11,8,1
19,1,12,6,1
19,1,13,10,1
19,1,14,1,2
19,1,15,12,1
19,1,16,16,3
19,1,17,19,4
19,1,18,21,3
19,1,19,14,2
19,1,20,13,2
19,1,21,3,1
19,1,22,24,2
19,1,23,9,4
19,1,24,11,3
19,2,1,52,2
19,2,2,54,1
19,2,3,75,3
19,2,4,26,3
19,2,5,16,2
19,2,6,57,1
19,2,7,53,2
19,2,8,63,3
19,2,9,20,2
19,2,10,48,1
19,2,11,72,4
19,2,12,58,4
19,2,13,19,2
19,2,14,84,1
19,2,15,41,1
19,2,16,23,4
19,2,17,93,1
19,2,18,30,1
19,2,19,92,3
19,2,20,45,2
19,2,21,76,4
19,2,22,6,4
19,2,23,95,4
19,2,24,3,4
19,2,25,1,4
19,2,26,60,2
19,2,27,88,2
19,2,28,11,4
19,2,29,24,4
19,2,30,17,3
19,2,31,82,2
19,2,32,80,1
19,2,33,5,3
19,2,34,70,3
19,2,35,39,4
19,2,36,96,3
19,2,37,42,1
19,2,38,4,3
19,2,39,37,1
19,2,40,74,3
19,2,41,90,3
19,2,42,71,4
19,2,43,94,3
19,2,44,91,3
19,2,45,44,4
19,2,46,27,1
19,2,47,65,4
19,2,48,81,3
19,2,49,64,3
19,2,50,7,2
19,2,51,28,1
19,2,52,68,3
19,2,53,33,2
19,2,54,86,1
19,2,55,13,4
19,2,56,21,4
19,2,57,61,2
19,2,58,40,2
19,2,59,83,2
19,2,60,78,3
19,3,1,34,4
19,3,2,79,2
19,3,3,69,3
19,3,4,22,2
19,3,5,10,1
19,3,6,35,1
19,3,7,8,4
19,3,8,47,4
19,3,9,29,3
19,3,10,36,3
19,3,11,15,3
19,3,12,12,1
19,3,13,25,2
19,3,14,56,2
19,3,15,50,3
19,3,16,31,2
19,3,17,73,4
19,3,18,62,2
19,3,19,59,3
19,3,20,2,2
19,3,21,43,3
19,3,22,77,3
19,3,23,89,2
19,3,24,67,4
19,3,25,87,3
19,3,26,9,3
19,3,27,14,4
19,3,28,66,4
19,3,29,46,1
19,3,30,51,3
19,3,31,49,2
19,3,32,38,4
19,3,33,18,2
19,3,34,32,4
19,3,35,85,2
19,3,36,55,4
19,3,37,60,2
19,3,38,2,4
19,3,39,16,1
19,3,40,30,4
19,3,41,32,3
19,3,42,74,3
19,3,43,59,2
19,3,44,37,4
19,3,45,44,4
19,3,46,34,2
19,3,47,91,2
19,3,48,47,1
19,3,49,3,1
19,3,50,8,4
19,3,51,92,2
19,3,52,45,3
19,3,53,57,4
19,3,54,88,1
19,3,55,18,2
19,3,56,87,4
19,3,57,61,2
19,3,58,62,4
19,3,59,14,2
19,3,60,28,4
19,4,1,40,2
19,4,2,95,2
19,4,3,21,2
19,4,4,24,4
19,4,5,56,2
19,4,6,12,3
19,4,7,69,1
19,4,8,15,3
19,4,9,39,4
19,4,10,75,1
19,4,11,25,1
19,4,12,54,4
19,4,13,10,4
19,4,14,49,4
19,4,15,58,3
19,4,16,93,2
19,4,17,76,3
19,4,18,63,3
19,4,19,5,3
19,4,20,38,2
19,4,21,27,1
19,4,22,20,2
19,4,23,46,3
19,4,24,33,1
19,4,25,48,3
19,4,26,78,3
19,4,27,11,1
19,4,28,70,4
19,4,29,66,2
19,4,30,26,3
19,4,31,68,1
19,4,32,86,3
19,4,33,82,1
19,4,34,43,4
19,4,35,22,4
19,4,36,84,4
19,4,37,80,2
19,4,38,94,2
19,4,39,7,3
19,4,40,31,2
19,4,41,77,2
19,4,42,65,1
19,4,43,53,4
19,4,44,85,4
19,4,45,55,4
19,4,46,90,2
19,4,47,96,3
19,4,48,9,4
19,4,49,35,1
19,4,50,83,2
19,4,51,52,2
19,4,52,81,4
19,4,53,50,3
19,4,54,13,2
19,4,55,41,4
19,4,56,67,4
19,4,57,19,3
19,4,58,1,4
19,4,59,89,3
19,4,60,36,1
19,5,1,73,4
19,5,2,6,4
19,5,3,17,4
19,5,4,23,1
19,5,5,42,1
19,5,6,4,2
19,5,7,71,4
19,5,8,79,3
19,5,9,64,4
19,5,10,29,2
19,5,11,72,4
19,5,12,51,1
19,5,13,20,3
19,5,14,57,2
19,5,15,41,1
19,5,16,31,1
19,5,17,94,2
19,5,18,78,1
19,5,19,3,3
19,5,20,73,2
19,5,21,27,1
19,5,22,65,2
19,5,23,34,4
19,5,24,47,4
19,5,25,55,4
19,5,26,64,3
19,5,27,10,2
19,5,28,26,3
19,5,29,36,1
19,5,30,63,2
19,5,31,45,4
19,5,32,7,3
19,5,33,46,2
19,5,34,68,4
19,5,35,77,3
19,5,36,92,2
19,5,37,1,2
19,5,38,35,4
19,5,39,12,3
19,5,40,58,3
19,5,41,30,2
19,5,42,2,2
19,5,43,6,4
19,5,44,86,4
19,5,45,49,4
19,5,46,42,1
19,5,47,2,3
19,5,47,88,4
19,5,48,28,3
19,5,49,22,3
19,5,50,66,3
19,5,51,95,2
19,5,52,48,1
19,5,53,67,3
19,5,54,61,1
19,5,55,89,4
19,5,56,11,1
19,5,57,5,4
19,5,58,18,3
19,5,59,9,3
19,5,60,83,1
19,6,1,81,3
19,6,2,51,3
19,6,3,54,4
19,6,4,56,2
19,6,5,80,1
19,6,6,74,2
19,6,7,15,3
19,6,8,25,1
19,6,9,87,1
19,6,10,71,3
19,6,11,14,2
19,6,12,40,4
19,6,13,33,2
19,6,14,24,3
19,6,15,91,3
19,6,16,50,3
19,6,17,19,1
19,6,18,13,2
19,6,19,93,3
19,6,20,85,2
19,6,21,96,3
19,6,22,60,2
19,6,23,17,1
19,6,24,76,1
19,6,25,39,1
19,6,26,23,2
19,6,27,70,4
19,6,28,79,4
19,6,29,8,2
19,6,30,44,3
19,6,31,21,4
19,6,32,82,4
19,6,33,53,2
19,6,34,72,4
19,6,35,4,2
19,6,36,75,2
19,6,37,29,2
19,6,38,32,3
19,6,39,43,4
19,6,40,90,2
19,6,41,52,3
19,6,42,84,4
19,6,43,16,3
19,6,44,38,2
19,6,45,62,4
19,6,46,37,2
19,6,47,59,1
19,6,48,69,3
19,6,49,29,2
19,6,50,58,3
19,6,51,34,1
19,6,52,6,3
19,6,53,32,3
19,6,54,53,3
19,6,55,8,3
19,6,56,36,2
19,6,57,88,1
19,6,58,14,3
19,6,59,72,4
19,6,60,59,4
19,7,1,20,3
19,7,2,22,3
19,7,3,47,1
19,7,4,42,3
19,7,5,7,2
19,7,6,5,3
19,7,7,33,4
19,7,8,19,4
19,7,9,21,2
19,7,10,38,2
19,7,11,68,3
19,7,12,10,1
19,7,13,35,3
19,7,14,80,4
19,7,15,39,4
19,7,16,12,4
19,7,17,49,3
19,7,18,16,3
19,7,19,23,4
19,7,20,28,1
19,7,21,44,4
19,7,22,56,1
19,7,23,85,4
19,7,24,84,1
19,7,25,54,3
19,7,26,63,3
19,7,27,89,2
19,7,28,74,4
19,7,29,83,4
19,7,30,61,3
19,7,31,73,3
19,7,32,67,3
19,7,33,86,3
19,7,34,78,3
19,7,35,4,4
19,7,36,43,4
19,7,37,11,1
19,7,38,94,3
19,7,39,93,1
19,7,40,81,4
19,7,41,37,1
19,7,42,31,2
19,7,43,60,2
19,7,44,48,3
19,7,45,79,2
19,7,46,75,3
19,7,47,66,2
19,7,48,82,3
19,7,49,50,3
19,7,50,30,3
19,7,51,91,3
19,7,52,71,2
19,7,53,3,4
19,7,54,70,4
19,7,55,57,4
19,7,56,96,1
19,7,57,15,4
19,7,58,1,4
19,7,59,51,2
19,7,60,24,4
1,1,1,13,2
1,1,2,22,3
1,1,3,10,3
1,1,4,1,2
1,1,5,18,1
1,1,6,16,4
1,1,7,23,3
1,1,8,17,3
1,1,9,4,2
1,1,10,20,4
1,1,11,24,1
1,1,12,8,3
1,1,13,21,2
1,1,14,15,3
1,1,15,19,2
1,1,16,12,2
1,1,17,5,2
1,1,18,6,3
1,1,19,9,1
1,1,20,14,1
1,1,21,2,4
1,1,22,7,1
1,1,23,3,4
1,1,24,11,3
1,2,1,48,4
1,2,2,66,2
1,2,3,59,3
1,2,4,63,1
1,2,5,67,2
1,2,6,37,4
1,2,7,75,1
1,2,8,43,1
1,2,9,70,2
1,2,10,69,3
1,2,11,89,3
1,2,12,68,4
1,2,13,76,4
1,2,14,85,3
1,2,15,55,2
1,2,16,9,3
1,2,17,58,2
1,2,18,35,1
1,2,19,17,2
1,2,20,8,2
1,2,21,40,1
1,2,22,4,1
1,2,23,61,3
1,2,24,11,4
1,2,25,18,2
1,2,26,62,4
1,2,27,51,1
1,2,28,14,2
1,2,29,42,2
1,2,30,45,2
1,2,31,60,2
1,2,32,10,3
1,2,33,3,2
1,2,34,93,1
1,2,35,25,1
1,2,36,20,3
1,2,37,96,4
1,2,38,79,1
1,2,39,73,3
1,2,40,23,2
1,2,41,81,3
1,2,42,50,4
1,2,43,77,3
1,2,44,84,4
1,2,45,15,2
1,2,46,24,3
1,2,47,36,2
1,2,48,21,1
1,2,49,16,2
1,2,50,22,3
1,2,51,2,2
1,2,52,80,3
1,2,53,74,4
1,2,54,38,4
1,2,55,27,4
1,2,56,47,2
1,2,57,56,2
1,2,58,30,2
1,2,59,5,1
1,2,60,82,1
1,3,1,12,2
1,3,2,94,4
1,3,3,7,4
1,3,4,87,3
1,3,5,26,1
1,3,6,64,2
1,3,7,92,3
1,3,8,41,1
1,3,9,71,3
1,3,10,53,4
1,3,11,86,2
1,3,12,83,2
1,3,13,32,1
1,3,14,2,3
1,3,14,88,4
1,3,15,1,3
1,3,16,65,4
1,3,17,13,4
1,3,18,39,3
1,3,19,57,4
1,3,20,90,3
1,3,21,28,1
1,3,22,54,2
1,3,23,19,4
1,3,24,72,2
1,3,25,46,3
1,3,26,49,4
1,3,27,52,1
1,3,28,6,2
1,3,29,78,4
1,3,30,44,1
1,3,31,34,3
1,3,32,29,2
1,3,33,31,1
1,3,34,33,1
1,3,35,95,1
1,3,36,91,4
1,3,37,77,1
1,3,38,76,4
1,3,39,12,2
1,3,40,4,3
1,3,41,69,1
1,3,42,37,4
1,3,43,79,3
1,3,44,71,2
1,3,45,47,3
1,3,46,34,2
1,3,47,15,1
1,3,48,41,1
1,3,49,54,1
1,3,50,45,1
1,3,51,93,2
1,3,52,43,4
1,3,53,86,3
1,3,54,3,4
1,3,55,10,2
1,3,56,27,4
1,3,57,11,1
1,3,58,74,2
1,3,59,89,1
1,3,60,51,1
1,4,1,26,1
1,4,2,21,4
1,4,3,59,2
1,4,4,64,1
1,4,5,56,1
1,4,6,49,1
1,4,7,20,2
1,4,8,46,4
1,4,9,82,2
1,4,10,6,1
1,4,11,25,4
1,4,12,16,1
1,4,13,44,1
1,4,14,17,4
1,4,15,39,4
1,4,16,78,2
1,4,17,55,1
1,4,18,80,2
1,4,19,87,2
1,4,20,72,4
1,4,21,35,3
1,4,22,95,2
1,4,23,68,1
1,4,24,61,2
1,4,25,14,4
1,4,26,8,2
1,4,27,81,1
1,4,28,96,3
1,4,29,7,1
1,4,30,84,1
1,4,31,48,2
1,4,32,31,2
1,4,33,19,2
1,4,34,36,2
1,4,35,88,2
1,4,36,75,3
1,4,37,73,2
1,4,38,53,1
1,4,39,70,3
1,4,40,5,2
1,4,41,90,3
1,4,42,28,2
1,4,43,92,3
1,4,44,65,3
1,4,45,22,1
1,4,46,13,3
1,4,47,62,4
1,4,48,40,1
1,4,49,52,1
1,4,50,50,2
1,4,51,33,2
1,4,52,1,3
1,4,53,30,3
1,4,54,67,3
1,4,55,57,1
1,4,56,91,3
1,4,57,66,3
1,4,58,83,2
1,4,59,23,3
1,4,60,9,4
1,5,1,29,3
1,5,2,94,1
1,5,3,63,2
1,5,4,32,4
1,5,5,38,4
1,5,6,2,4
1,5,7,42,3
1,5,8,60,3
1,5,9,18,4
1,5,10,85,4
1,5,11,24,4
1,5,12,58,3
1,5,13,6,2
1,5,14,35,2
1,5,15,8,3
1,5,16,84,3
1,5,17,15,4
1,5,18,37,2
1,5,19,5,4
1,5,20,7,2
1,5,21,24,3
1,5,22,75,2
1,5,23,48,1
1,5,24,82,4
1,5,25,53,2
1,5,26,18,1
1,5,27,51,2
1,5,28,49,2
1,5,29,23,3
1,5,30,12,1
1,5,31,28,1
1,5,32,73,2
1,5,33,76,1
1,5,34,90,1
1,5,35,63,2
1,5,36,96,1
1,5,37,40,1
1,5,38,54,1
1,5,39,67,2
1,5,40,19,3
1,5,41,91,1
1,5,42,45,2
1,5,43,57,4
1,5,44,64,2
1,5,45,72,4
1,5,46,44,4
1,5,47,17,1
1,5,48,74,3
1,5,49,39,2
1,5,50,27,4
1,5,51,71,3
1,5,52,93,4
1,5,53,92,3
1,5,54,9,3
1,5,55,81,3
1,5,56,33,2
1,5,57,3,3
1,5,58,21,3
1,5,59,65,1
1,5,60,46,2
1,6,1,47,1
1,6,2,4,2
1,6,3,26,3
1,6,4,89,1
1,6,5,66,4
1,6,6,87,2
1,6,7,70,1
1,6,8,10,2
1,6,9,41,3
1,6,10,29,3
1,6,11,77,4
1,6,12,69,1
1,6,13,58,3
1,6,14,32,1
1,6,15,68,2
1,6,16,11,3
1,6,17,95,4
1,6,18,56,2
1,6,19,55,4
1,6,20,85,3
1,6,21,42,1
1,6,22,14,3
1,6,23,59,1
1,6,24,78,3
1,6,25,61,1
1,6,26,60,4
1,6,27,31,1
1,6,28,38,3
1,6,29,20,4
1,6,30,88,1
1,6,31,13,4
1,6,32,36,1
1,6,33,79,3
1,6,34,83,2
1,6,35,50,2
1,6,36,22,2
1,6,37,30,3
1,6,38,1,4
1,6,39,16,1
1,6,40,2,4
1,6,41,80,4
1,6,42,25,3
1,6,43,43,1
1,6,44,34,3
1,6,45,94,4
1,6,46,86,4
1,6,47,52,3
1,6,48,62,4
1,6,49,31,1
1,6,50,42,1
1,6,51,2,4
1,6,52,82,1
1,6,53,26,3
1,6,54,69,1
1,6,55,40,3
1,6,56,53,1
1,6,57,34,2
1,6,58,75,1
1,6,59,32,2
1,6,60,13,2
1,7,1,78,2
1,7,2,87,1
1,7,3,62,4
1,7,4,38,1
1,7,5,57,1
1,7,6,3,1
1,7,7,14,1
1,7,8,8,3
1,7,9,6,2
1,7,10,27,2
1,7,11,85,2
1,7,12,15,3
1,7,13,91,3
1,7,14,56,4
1,7,15,18,1
1,7,16,28,4
1,7,17,46,4
1,7,18,90,4
1,7,19,67,3
1,7,20,41,3
1,7,21,16,2
1,7,22,24,4
1,7,23,35,3
1,7,24,89,4
1,7,25,79,4
1,7,26,55,4
1,7,27,81,2
1,7,28,76,2
1,7,29,12,1
1,7,30,29,2
1,7,31,37,1
1,7,32,7,2
1,7,33,64,1
1,7,34,96,4
1,7,35,73,2
1,7,36,58,2
1,7,37,74,4
1,7,38,45,1
1,7,39,84,2
1,7,40,25,1
1,7,41,93,3
1,7,42,77,3
1,7,43,30,3
1,7,44,36,1
1,7,45,48,2
1,7,46,1,3
1,7,47,23,2
1,7,48,66,4
1,7,49,17,3
1,7,50,59,2
1,7,51,11,1
1,7,52,65,2
1,7,53,5,4
1,7,54,94,2
1,7,55,9,4
1,7,56,39,4
1,7,57,33,1
1,7,58,20,1
1,7,59,4,2
1,7,60,61,2
20,1,1,15,2
20,1,2,14,1
20,1,3,7,2
20,1,4,3,2
20,1,5,12,1
20,1,6,2,4
20,1,7,22,2
20,1,8,18,2
20,1,9,20,1
20,1,10,24,4
20,1,11,13,3
20,1,12,23,3
20,1,13,8,4
20,1,14,5,3
20,1,15,17,1
20,1,16,9,4
20,1,17,1,3
20,1,18,11,2
20,1,19,4,2
20,1,20,19,2
20,1,21,6,1
20,1,22,21,4
20,1,23,16,4
20,1,24,10,4
20,2,1,52,2
20,2,2,68,2
20,2,3,39,4
20,2,4,36,3
20,2,5,12,3
20,2,6,45,4
20,2,7,16,1
20,2,8,90,1
20,2,9,27,3
20,2,10,21,4
20,2,11,57,4
20,2,12,25,2
20,2,13,55,3
20,2,14,17,4
20,2,15,13,3
20,2,16,22,1
20,2,17,47,2
20,2,18,65,1
20,2,19,28,3
20,2,20,92,3
20,2,21,58,3
20,2,22,40,1
20,2,23,86,3
20,2,24,26,3
20,2,25,59,4
20,2,26,38,4
20,2,27,64,1
20,2,28,75,1
20,2,29,6,1
20,2,30,77,1
20,2,31,63,2
20,2,32,96,1
20,2,33,78,1
20,2,34,80,3
20,2,35,87,4
20,2,36,2,4
20,2,37,51,2
20,2,38,69,3
20,2,39,82,1
20,2,40,94,2
20,2,41,43,4
20,2,42,66,2
20,2,43,41,4
20,2,44,93,3
20,2,45,23,3
20,2,46,4,3
20,2,47,10,4
20,2,48,29,2
20,2,49,54,3
20,2,50,3,4
20,2,51,11,1
20,2,52,8,3
20,2,53,42,1
20,2,54,74,2
20,2,55,95,2
20,2,56,35,3
20,2,57,1,4
20,2,58,83,1
20,2,59,19,4
20,2,60,33,2
20,3,1,72,4
20,3,2,88,3
20,3,3,24,4
20,3,4,53,4
20,3,5,76,4
20,3,6,71,4
20,3,7,48,4
20,3,8,85,2
20,3,9,5,2
20,3,10,9,2
20,3,11,37,3
20,3,12,34,2
20,3,13,73,4
20,3,14,70,2
20,3,15,32,3
20,3,16,56,4
20,3,17,46,3
20,3,18,50,1
20,3,19,91,3
20,3,20,62,3
20,3,21,7,4
20,3,22,44,1
20,3,23,79,2
20,3,24,60,4
20,3,25,81,2
20,3,26,31,1
20,3,27,61,4
20,3,28,49,2
20,3,29,15,2
20,3,30,67,2
20,3,31,30,3
20,3,32,89,3
20,3,33,20,2
20,3,34,14,4
20,3,35,84,4
20,3,36,18,1
20,3,37,46,2
20,3,38,4,1
20,3,39,50,1
20,3,40,70,3
20,3,41,7,4
20,3,42,44,2
20,3,43,43,4
20,3,44,66,2
20,3,45,69,2
20,3,46,36,2
20,3,47,82,4
20,3,48,28,1
20,3,49,47,1
20,3,50,79,3
20,3,51,74,4
20,3,52,56,1
20,3,53,25,1
20,3,54,18,4
20,3,55,58,1
20,3,56,17,2
20,3,57,77,2
20,3,58,32,3
20,3,59,20,4
20,3,60,91,3
20,4,1,51,3
20,4,2,38,4
20,4,3,92,1
20,4,4,42,1
20,4,5,26,4
20,4,6,23,2
20,4,7,37,3
20,4,8,86,4
20,4,9,63,3
20,4,10,62,4
20,4,11,30,3
20,4,12,54,3
20,4,13,57,2
20,4,14,68,4
20,4,15,76,4
20,4,16,96,2
20,4,17,2,3
20,4,17,88,4
20,4,18,84,1
20,4,19,90,1
20,4,20,48,4
20,4,21,95,2
20,4,22,85,3
20,4,23,87,1
20,4,24,52,3
20,4,25,65,4
20,4,26,39,4
20,4,27,5,2
20,4,28,40,2
20,4,29,81,1
20,4,30,35,2
20,4,31,24,1
20,4,32,8,4
20,4,33,34,4
20,4,34,78,4
20,4,35,14,1
20,4,36,67,3
20,4,37,83,1
20,4,38,19,3
20,4,39,88,2
20,4,40,89,4
20,4,41,33,3
20,4,42,55,2
20,4,43,41,1
20,4,44,29,3
20,4,45,6,1
20,4,46,45,3
20,4,47,27,1
20,4,48,10,3
20,4,49,9,3
20,4,50,3,3
20,4,51,60,3
20,4,52,93,1
20,4,53,71,3
20,4,54,16,2
20,4,55,1,1
20,4,56,53,4
20,4,57,11,1
20,4,58,94,2
20,4,59,72,4
20,4,60,75,4
20,5,1,21,3
20,5,2,49,4
20,5,3,61,4
20,5,4,59,2
20,5,5,31,3
20,5,6,73,2
20,5,7,22,3
20,5,8,12,1
20,5,9,64,2
20,5,10,80,1
20,5,11,15,3
20,5,12,13,4
20,5,13,42,3
20,5,14,68,1
20,5,15,94,1
20,5,16,18,4
20,5,17,38,4
20,5,18,96,2
20,5,19,66,2
20,5,20,36,3
20,5,21,3,2
20,5,22,39,3
20,5,23,43,4
20,5,24,46,3
20,5,25,52,2
20,5,26,25,3
20,5,27,22,3
20,5,28,40,4
20,5,29,48,3
20,5,30,47,2
20,5,31,58,3
20,5,32,63,3
20,5,33,76,2
20,5,34,55,2
20,5,35,83,1
20,5,36,44,3
20,5,37,62,2
20,5,38,6,4
20,5,39,70,2
20,5,40,51,2
20,5,41,54,2
20,5,42,77,4
20,5,43,95,2
20,5,44,80,2
20,5,45,86,4
20,5,46,23,3
20,5,47,41,1
20,5,48,49,4
20,5,49,88,2
20,5,50,56,2
20,5,51,14,3
20,5,52,11,1
20,5,53,17,1
20,5,54,20,2
20,5,55,91,4
20,5,56,85,1
20,5,57,10,1
20,5,58,92,3
20,5,59,60,2
20,5,60,5,2
20,6,1,37,1
20,6,2,78,1
20,6,3,71,4
20,6,4,59,3
20,6,5,72,2
20,6,6,4,4
20,6,7,84,4
20,6,8,93,1
20,6,9,90,1
20,6,10,82,4
20,6,11,33,2
20,6,12,30,4
20,6,13,24,3
20,6,14,67,4
20,6,15,69,3
20,6,16,28,2
20,6,17,45,4
20,6,18,64,2
20,6,19,87,3
20,6,20,57,4
20,6,21,13,3
20,6,22,29,1
20,6,23,31,3
20,6,24,65,1
20,6,25,9,4
20,6,26,79,3
20,6,27,12,2
20,6,28,61,4
20,6,29,81,4
20,6,30,8,4
20,6,31,50,1
20,6,32,53,2
20,6,33,15,4
20,6,34,26,4
20,6,35,75,1
20,6,36,32,1
20,6,37,2,2
20,6,38,27,3
20,6,39,7,2
20,6,40,73,3
20,6,41,21,1
20,6,42,35,2
20,6,43,1,3
20,6,44,19,3
20,6,45,74,1
20,6,46,89,3
20,6,47,34,2
20,6,48,16,2
20,6,49,40,4
20,6,50,58,3
20,6,51,72,2
20,6,52,69,4
20,6,53,5,4
20,6,54,76,4
20,6,55,39,4
20,6,56,9,3
20,6,57,36,3
20,6,58,25,2
20,6,59,87,3
20,6,60,70,2
20,7,1,90,3
20,7,2,74,1
20,7,3,37,3
20,7,4,83,4
20,7,5,21,4
20,7,6,8,3
20,7,7,24,4
20,7,8,94,4
20,7,9,15,4
20,7,10,33,1
20,7,11,14,1
20,7,12,31,4
20,7,13,80,4
20,7,14,95,4
20,7,15,53,2
20,7,16,46,2
20,7,17,84,1
20,7,18,86,1
20,7,19,7,2
20,7,20,81,3
20,7,21,4,4
20,7,22,61,1
20,7,23,55,1
20,7,24,29,3
20,7,25,34,2
20,7,26,16,2
20,7,27,96,2
20,7,28,67,4
20,7,29,52,1
20,7,30,22,3
20,7,31,51,1
20,7,32,10,3
20,7,33,42,2
20,7,34,77,1
20,7,35,44,4
20,7,36,2,2
20,7,37,82,3
20,7,38,60,4
20,7,39,64,1
20,7,40,18,3
20,7,41,50,2
20,7,42,6,3
20,7,43,35,3
20,7,44,3,4
20,7,45,38,4
20,7,46,12,1
20,7,47,27,2
20,7,48,19,2
20,7,49,28,4
20,7,50,71,1
20,7,51,56,2
20,7,52,23,4
20,7,53,65,2
20,7,54,79,1
20,7,55,1,4
20,7,56,45,3
20,7,57,13,2
20,7,58,32,1
20,7,59,63,2
20,7,60,75,3
21,1,1,19,1
21,1,2,11,1
21,1,3,23,2
21,1,4,7,4
21,1,5,9,4
21,1,6,8,2
21,1,7,3,1
21,1,8,12,3
21,1,9,2,3
21,1,10,4,1
21,1,11,18,3
21,1,12,21,4
21,1,13,1,4
21,1,14,5,3
21,1,15,17,4
21,1,16,6,1
21,1,17,10,1
21,1,18,20,1
21,1,19,16,1
21,1,20,14,2
21,1,21,13,3
21,1,22,24,1
21,1,23,15,2
21,1,24,22,2
21,2,1,23,2
21,2,2,75,2
21,2,3,28,1
21,2,4,32,4
21,2,5,11,1
21,2,6,8,3
21,2,7,19,1
21,2,8,2,3
21,2,8,88,4
21,2,9,72,4
21,2,10,45,1
21,2,11,91,4
21,2,12,92,1
21,2,13,60,2
21,2,14,58,4
21,2,15,14,1
21,2,16,37,1
21,2,17,5,3
21,2,18,70,4
21,2,19,85,4
21,2,20,88,2
21,2,21,64,2
21,2,22,86,3
21,2,23,12,1
21,2,24,40,1
21,2,25,9,3
21,2,26,7,4
21,2,27,82,1
21,2,28,6,2
21,2,29,65,2
21,2,30,49,2
21,2,31,36,3
21,2,32,54,1
21,2,33,44,3
21,2,34,18,2
21,2,35,68,4
21,2,36,95,3
21,2,37,1,4
21,2,38,52,4
21,2,39,16,2
21,2,40,73,4
21,2,41,31,1
21,2,42,84,1
21,2,43,80,1
21,2,44,41,2
21,2,45,50,3
21,2,46,81,1
21,2,47,30,4
21,2,48,38,4
21,2,49,20,4
21,2,50,71,4
21,2,51,90,1
21,2,52,33,2
21,2,53,46,2
21,2,54,39,3
21,2,55,89,2
21,2,56,79,1
21,2,57,21,3
21,2,58,59,3
21,2,59,10,3
21,2,60,51,1
21,3,1,76,2
21,3,2,34,2
21,3,3,57,3
21,3,4,96,2
21,3,5,27,1
21,3,6,48,4
21,3,7,3,1
21,3,8,87,1
21,3,9,67,4
21,3,10,25,1
21,3,11,56,4
21,3,12,29,2
21,3,13,55,2
21,3,14,93,3
21,3,15,26,1
21,3,16,4,2
21,3,17,35,2
21,3,18,63,2
21,3,19,61,3
21,3,20,24,3
21,3,21,94,2
21,3,22,74,2
21,3,23,83,3
21,3,24,47,3
21,3,25,15,2
21,3,26,53,4
21,3,27,77,4
21,3,28,13,1
21,3,29,66,2
21,3,30,78,4
21,3,31,62,4
21,3,32,43,1
21,3,33,42,2
21,3,34,22,1
21,3,35,69,3
21,3,36,17,3
21,3,37,92,4
21,3,38,85,1
21,3,39,71,4
21,3,40,53,3
21,3,41,37,4
21,3,42,69,1
21,3,43,2,1
21,3,44,43,2
21,3,45,83,3
21,3,46,14,2
21,3,47,47,2
21,3,48,52,4
21,3,49,22,4
21,3,50,64,1
21,3,51,93,2
21,3,52,9,3
21,3,53,73,3
21,3,54,16,1
21,3,55,76,3
21,3,56,23,4
21,3,57,27,4
21,3,58,13,4
21,3,59,89,2
21,3,60,70,3
21,4,1,58,3
21,4,2,54,1
21,4,3,21,1
21,4,4,46,2
21,4,5,42,2
21,4,6,72,4
21,4,7,57,2
21,4,8,15,4
21,4,9,31,1
21,4,10,10,4
21,4,11,6,4
21,4,12,25,4
21,4,13,39,2
21,4,14,34,1
21,4,15,32,3
21,4,16,80,2
21,4,17,40,2
21,4,18,90,1
21,4,19,78,4
21,4,20,74,3
21,4,21,88,2
21,4,22,5,3
21,4,23,55,3
21,4,24,65,2
21,4,25,8,3
21,4,26,68,3
21,4,27,48,1
21,4,28,75,2
21,4,29,45,3
21,4,30,44,3
21,4,31,17,3
21,4,32,33,1
21,4,33,49,3
21,4,34,91,4
21,4,35,77,1
21,4,36,56,1
21,4,37,63,2
21,4,38,81,3
21,4,39,24,3
21,4,40,67,1
21,4,41,36,3
21,4,42,26,2
21,4,43,19,2
21,4,44,60,1
21,4,45,61,1
21,4,46,4,2
21,4,47,18,1
21,4,48,3,4
21,4,49,51,1
21,4,50,11,2
21,4,51,20,4
21,4,52,86,4
21,4,53,28,4
21,4,54,66,4
21,4,55,29,2
21,4,56,96,2
21,4,57,82,1
21,4,58,94,4
21,4,59,1,3
21,4,60,87,2
21,5,1,50,2
21,5,2,41,3
21,5,3,84,2
21,5,4,38,4
21,5,5,62,2
21,5,6,95,3
21,5,7,59,2
21,5,8,30,4
21,5,9,7,3
21,5,10,12,1
21,5,11,35,4
21,5,12,79,3
21,5,13,57,4
21,5,14,58,2
21,5,15,37,4
21,5,16,66,4
21,5,17,55,1
21,5,18,87,4
21,5,19,56,1
21,5,20,82,4
21,5,21,31,4
21,5,22,81,3
21,5,23,93,2
21,5,24,62,3
21,5,25,49,3
21,5,26,32,4
21,5,27,96,3
21,5,28,25,1
21,5,29,7,3
21,5,30,27,1
21,5,31,10,3
21,5,32,88,1
21,5,33,67,4
21,5,34,70,1
21,5,35,83,4
21,5,36,30,3
21,5,37,45,3
21,5,38,41,2
21,5,39,36,1
21,5,40,92,2
21,5,41,78,1
21,5,42,29,2
21,5,43,46,3
21,5,44,9,3
21,5,45,11,3
21,5,46,69,1
21,5,47,54,2
21,5,48,6,1
21,5,49,16,2
21,5,50,90,4
21,5,51,39,4
21,5,52,44,2
21,5,53,4,4
21,5,54,1,2
21,5,55,95,1
21,5,56,89,2
21,5,57,38,4
21,5,58,80,1
21,5,59,71,4
21,5,60,21,4
21,6,1,24,1
21,6,2,73,3
21,6,3,61,2
21,6,4,74,3
21,6,5,85,1
21,6,6,65,3
21,6,7,33,3
21,6,8,28,1
21,6,9,79,2
21,6,10,13,4
21,6,11,8,1
21,6,12,5,1
21,6,13,35,3
21,6,14,19,2
21,6,15,47,4
21,6,16,76,2
21,6,17,77,1
21,6,18,75,3
21,6,19,91,1
21,6,20,26,3
21,6,21,52,1
21,6,22,17,1
21,6,23,51,1
21,6,24,50,4
21,6,25,23,1
21,6,26,15,4
21,6,27,34,1
21,6,28,84,4
21,6,29,18,2
21,6,30,53,2
21,6,31,48,3
21,6,32,60,4
21,6,33,63,3
21,6,34,86,2
21,6,35,3,1
21,6,36,68,2
21,6,37,59,1
21,6,38,22,4
21,6,39,64,4
21,6,40,2,3
21,6,40,88,4
21,6,41,42,1
21,6,42,14,2
21,6,43,43,1
21,6,44,20,3
21,6,45,72,1
21,6,46,12,2
21,6,47,40,2
21,6,48,94,2
21,6,49,57,2
21,6,50,31,3
21,6,51,84,1
21,6,52,72,1
21,6,53,66,4
21,6,54,28,3
21,6,55,32,2
21,6,56,29,1
21,6,57,71,2
21,6,58,75,4
21,6,59,67,2
21,6,60,7,1
21,7,1,87,1
21,7,2,64,1
21,7,3,36,1
21,7,4,89,4
21,7,5,70,3
21,7,6,92,3
21,7,7,77,3
21,7,8,88,3
21,7,9,15,4
21,7,10,10,2
21,7,11,79,1
21,7,12,35,4
21,7,13,56,4
21,7,14,74,3
21,7,15,39,4
21,7,16,37,2
21,7,17,34,1
21,7,18,11,4
21,7,19,40,4
21,7,20,91,1
21,7,21,76,2
21,7,22,73,3
21,7,23,61,3
21,7,24,69,1
21,7,25,44,3
21,7,26,16,2
21,7,27,27,1
21,7,28,1,2
21,7,29,54,2
21,7,30,9,3
21,7,31,14,4
21,7,32,94,1
21,7,33,78,1
21,7,34,50,3
21,7,35,38,3
21,7,36,63,2
21,7,37,23,1
21,7,38,17,3
21,7,39,21,2
21,7,40,48,2
21,7,41,46,2
21,7,42,43,2
21,7,43,82,3
21,7,44,41,2
21,7,45,60,1
21,7,46,93,4
21,7,47,20,2
21,7,48,65,2
21,7,49,13,4
21,7,50,83,1
21,7,51,2,2
21,7,52,55,4
21,7,53,81,1
21,7,54,25,4
21,7,55,3,3
21,7,56,59,4
21,7,57,51,2
21,7,58,12,1
21,7,59,5,4
21,7,60,52,4
22,1,1,21,1
22,1,2,12,2
22,1,3,23,3
22,1,4,14,3
22,1,5,9,1
22,1,6,22,4
22,1,7,3,2
22,1,8,6,3
22,1,9,2,4
22,1,10,8,2
22,1,11,19,3
22,1,12,24,1
22,1,13,17,3
22,1,14,1,4
22,1,15,7,1
22,1,16,20,3
22,1,17,13,4
22,1,18,11,3
22,1,19,15,1
22,1,20,4,3
22,1,21,5,3
22,1,22,16,2
22,1,23,10,1
22,1,24,18,4
22,2,1,87,1
22,2,2,40,2
22,2,3,96,4
22,2,4,67,1
22,2,5,55,4
22,2,6,92,2
22,2,7,45,1
22,2,8,9,4
22,2,9,23,1
22,2,10,85,1
22,2,11,30,1
22,2,12,48,3
22,2,13,74,3
22,2,14,66,4
22,2,15,44,4
22,2,16,37,4
22,2,17,21,1
22,2,18,78,1
22,2,19,64,2
22,2,20,80,2
22,2,21,65,2
22,2,22,72,4
22,2,23,36,4
22,2,24,14,4
22,2,25,38,2
22,2,26,69,4
22,2,27,75,2
22,2,28,84,3
22,2,29,41,3
22,2,30,49,2
22,2,31,12,3
22,2,32,11,1
22,2,33,86,1
22,2,34,35,3
22,2,35,10,1
22,2,36,61,1
22,2,37,88,2
22,2,38,83,1
22,2,39,52,1
22,2,40,56,2
22,2,41,60,3
22,2,42,91,4
22,2,43,50,2
22,2,44,6,3
22,2,45,19,1
22,2,46,51,1
22,2,47,17,1
22,2,48,29,2
22,2,49,1,2
22,2,50,8,2
22,2,51,82,2
22,2,52,93,2
22,2,53,39,4
22,2,54,79,4
22,2,55,16,4
22,2,56,13,2
22,2,57,18,2
22,2,58,31,3
22,2,59,27,2
22,2,60,95,3
22,3,1,2,4
22,3,2,63,1
22,3,3,7,3
22,3,4,68,4
22,3,5,53,4
22,3,6,71,1
22,3,7,3,2
22,3,8,81,1
22,3,9,26,3
22,3,10,62,2
22,3,11,20,1
22,3,12,89,1
22,3,13,25,1
22,3,14,42,3
22,3,15,76,4
22,3,16,73,2
22,3,17,94,3
22,3,18,22,1
22,3,19,34,4
22,3,20,58,4
22,3,21,33,1
22,3,22,24,1
22,3,23,4,3
22,3,24,15,3
22,3,25,43,3
22,3,26,28,1
22,3,27,59,1
22,3,28,57,2
22,3,29,46,2
22,3,30,47,3
22,3,31,70,2
22,3,32,54,1
22,3,33,77,3
22,3,34,90,1
22,3,35,5,4
22,3,36,32,2
22,3,37,67,4
22,3,38,49,2
22,3,39,58,2
22,3,40,22,3
22,3,41,36,1
22,3,42,72,4
22,3,43,30,2
22,3,44,37,1
22,3,45,59,4
22,3,46,29,4
22,3,47,35,4
22,3,48,33,3
22,3,49,12,1
22,3,50,91,3
22,3,51,26,3
22,3,52,34,2
22,3,53,2,3
22,3,53,88,4
22,3,54,6,3
22,3,55,78,3
22,3,56,69,4
22,3,57,42,2
22,3,58,56,3
22,3,59,82,4
22,3,60,4,4
22,4,1,80,3
22,4,2,77,2
22,4,3,70,1
22,4,4,60,2
22,4,5,57,1
22,4,6,44,4
22,4,7,76,4
22,4,8,94,4
22,4,9,38,4
22,4,10,25,1
22,4,11,85,3
22,4,12,73,4
22,4,13,46,1
22,4,14,31,3
22,4,15,96,2
22,4,16,10,2
22,4,17,45,1
22,4,18,17,3
22,4,19,54,1
22,4,20,92,2
22,4,21,64,4
22,4,22,21,2
22,4,23,20,2
22,4,24,52,4
22,4,25,53,4
22,4,26,87,1
22,4,27,24,1
22,4,28,50,2
22,4,29,66,2
22,4,30,15,3
22,4,31,55,2
22,4,32,23,3
22,4,33,84,2
22,4,34,81,3
22,4,35,74,2
22,4,36,8,1
22,4,37,11,4
22,4,38,86,4
22,4,39,40,2
22,4,40,18,1
22,4,41,88,2
22,4,42,43,4
22,4,43,3,2
22,4,44,65,2
22,4,45,27,3
22,4,46,90,3
22,4,47,89,1
22,4,48,5,3
22,4,49,1,3
22,4,50,68,4
22,4,51,9,1
22,4,52,63,2
22,4,53,61,1
22,4,54,41,4
22,4,55,93,1
22,4,56,39,3
22,4,57,16,1
22,4,58,79,1
22,4,59,32,1
22,4,60,14,1
22,5,1,48,1
22,5,2,95,1
22,5,3,13,3
22,5,4,47,4
22,5,5,62,4
22,5,6,75,2
22,5,7,19,2
22,5,8,7,4
22,5,9,71,4
22,5,10,83,1
22,5,11,51,1
22,5,12,28,1
22,5,13,40,2
22,5,14,46,2
22,5,15,8,2
22,5,16,16,2
22,5,17,66,2
22,5,18,42,3
22,5,19,80,1
22,5,20,41,4
22,5,21,22,1
22,5,22,92,3
22,5,23,51,4
22,5,24,96,1
22,5,25,76,1
22,5,26,71,4
22,5,27,49,4
22,5,28,18,2
22,5,29,91,1
22,5,30,74,1
22,5,31,34,4
22,5,32,90,2
22,5,33,64,2
22,5,34,77,2
22,5,35,19,2
22,5,36,2,3
22,5,36,88,4
22,5,37,85,4
22,5,38,37,1
22,5,39,52,2
22,5,40,83,2
22,5,41,89,4
22,5,42,1,2
22,5,43,75,4
22,5,44,72,3
22,5,45,5,2
22,5,46,10,1
22,5,47,17,4
22,5,48,20,2
22,5,49,9,4
22,5,50,48,1
22,5,51,36,3
22,5,52,3,3
22,5,53,44,1
22,5,54,70,2
22,5,55,31,1
22,5,56,45,1
22,5,57,6,3
22,5,58,43,2
22,5,59,27,3
22,5,60,26,4
22,6,1,79,4
22,6,2,32,1
22,6,3,11,3
22,6,4,86,4
22,6,5,50,1
22,6,6,84,2
22,6,7,78,2
22,6,8,67,2
22,6,9,68,4
22,6,10,2,1
22,6,11,28,3
22,6,12,30,4
22,6,13,23,1
22,6,14,53,2
22,6,15,4,2
22,6,16,93,2
22,6,17,81,2
22,6,18,57,3
22,6,19,33,2
22,6,20,12,1
22,6,21,14,1
22,6,22,82,2
22,6,23,60,3
22,6,24,95,1
22,6,25,15,3
22,6,26,39,1
22,6,27,13,3
22,6,28,73,4
22,6,29,58,2
22,6,30,59,3
22,6,31,35,2
22,6,32,47,2
22,6,33,55,4
22,6,34,38,3
22,6,35,29,1
22,6,36,54,1
22,6,37,56,1
22,6,38,61,3
22,6,39,63,2
22,6,40,94,3
22,6,41,87,1
22,6,42,21,1
22,6,43,65,1
22,6,44,69,3
22,6,45,25,2
22,6,46,7,2
22,6,47,62,2
22,6,48,24,1
22,6,49,3,3
22,6,50,23,4
22,6,51,74,2
22,6,52,77,2
22,6,53,41,3
22,6,54,9,3
22,6,55,86,3
22,6,56,33,1
22,6,57,17,1
22,6,58,11,4
22,6,59,60,3
22,6,60,69,1
22,7,1,10,1
22,7,2,20,3
22,7,3,37,4
22,7,4,64,2
22,7,5,30,4
22,7,6,18,2
22,7,7,51,2
22,7,8,12,1
22,7,9,72,1
22,7,10,8,1
22,7,11,76,4
22,7,12,58,4
22,7,13,48,4
22,7,14,2,2
22,7,15,21,3
22,7,16,25,1
22,7,17,22,2
22,7,18,83,2
22,7,19,6,1
22,7,20,36,3
22,7,21,96,4
22,7,22,52,2
22,7,23,89,2
22,7,24,71,1
22,7,25,91,1
22,7,26,31,1
22,7,27,53,3
22,7,28,13,2
22,7,29,34,3
22,7,30,81,3
22,7,31,93,3
22,7,32,61,2
22,7,33,5,2
22,7,34,15,2
22,7,35,26,2
22,7,36,95,3
22,7,37,85,3
22,7,38,87,2
22,7,39,7,1
22,7,40,75,4
22,7,41,47,2
22,7,42,73,4
22,7,43,62,4
22,7,44,82,3
22,7,45,44,4
22,7,46,84,4
22,7,47,29,3
22,7,48,57,2
22,7,49,68,3
22,7,50,92,2
22,7,51,14,4
22,7,52,38,1
22,7,53,63,1
22,7,54,32,2
22,7,55,90,1
22,7,56,43,1
22,7,57,39,2
22,7,58,79,1
22,7,59,4,2
22,7,60,70,1
23,1,1,1,3
23,1,2,20,4
23,1,3,3,1
23,1,4,23,2
23,1,5,8,3
23,1,6,14,3
23,1,7,11,3
23,1,8,9,3
23,1,9,2,2
23,1,10,10,4
23,1,11,18,2
23,1,12,12,4
23,1,13,5,2
23,1,14,13,1
23,1,15,15,4
23,1,16,17,3
23,1,17,16,4
23,1,18,7,2
23,1,19,22,3
23,1,20,6,4
23,1,21,19,1
23,1,22,4,3
23,1,23,24,2
23,1,24,21,3
23,2,1,72,2
23,2,2,46,1
23,2,3,30,4
23,2,4,44,4
23,2,5,7,2
23,2,6,38,4
23,2,7,67,2
23,2,8,32,2
23,2,9,68,1
23,2,10,25,2
23,2,11,66,2
23,2,12,35,2
23,2,13,80,3
23,2,14,50,4
23,2,15,29,2
23,2,16,51,1
23,2,17,71,4
23,2,18,90,4
23,2,19,12,4
23,2,20,69,1
23,2,21,58,3
23,2,22,28,4
23,2,23,94,3
23,2,24,59,2
23,2,25,13,2
23,2,26,49,3
23,2,27,47,2
23,2,28,6,4
23,2,29,95,2
23,2,30,57,3
23,2,31,92,2
23,2,32,36,1
23,2,33,19,2
23,2,34,79,4
23,2,35,34,3
23,2,36,33,1
23,2,37,22,2
23,2,38,86,4
23,2,39,24,2
23,2,40,87,2
23,2,41,14,1
23,2,42,42,4
23,2,43,70,4
23,2,44,10,3
23,2,45,96,2
23,2,46,83,4
23,2,47,55,2
23,2,48,9,3
23,2,49,78,1
23,2,50,81,2
23,2,51,1,1
23,2,52,93,4
23,2,53,18,1
23,2,54,91,2
23,2,55,61,1
23,2,56,31,2
23,2,57,84,1
23,2,58,23,1
23,2,59,27,1
23,2,60,39,4
23,3,1,5,1
23,3,2,11,1
23,3,3,73,2
23,3,4,20,3
23,3,5,52,1
23,3,6,53,4
23,3,7,43,4
23,3,8,89,2
23,3,9,76,3
23,3,10,62,1
23,3,11,2,3
23,3,11,88,4
23,3,12,88,3
23,3,13,75,1
23,3,14,77,4
23,3,15,63,2
23,3,16,45,1
23,3,17,3,1
23,3,18,26,3
23,3,19,85,2
23,3,20,8,1
23,3,21,21,2
23,3,22,82,1
23,3,23,64,1
23,3,24,15,3
23,3,25,41,2
23,3,26,17,3
23,3,27,16,2
23,3,28,65,1
23,3,29,48,4
23,3,30,37,3
23,3,31,74,4
23,3,32,56,3
23,3,33,60,4
23,3,34,4,2
23,3,35,54,2
23,3,36,40,3
23,3,37,36,4
23,3,38,58,1
23,3,39,9,3
23,3,40,24,1
23,3,41,53,4
23,3,42,54,3
23,3,43,10,2
23,3,44,77,3
23,3,45,26,1
23,3,46,34,3
23,3,47,76,2
23,3,48,52,3
23,3,49,43,3
23,3,50,28,4
23,3,51,74,1
23,3,52,41,1
23,3,53,22,3
23,3,54,67,3
23,3,55,86,2
23,3,56,90,2
23,3,57,19,3
23,3,58,85,2
23,3,59,15,3
23,3,60,49,3
23,4,1,48,2
23,4,2,44,4
23,4,3,75,3
23,4,4,33,2
23,4,5,66,2
23,4,6,72,1
23,4,7,91,4
23,4,8,17,2
23,4,9,13,2
23,4,10,80,2
23,4,11,38,2
23,4,12,68,3
23,4,13,73,1
23,4,14,87,3
23,4,15,6,4
23,4,16,14,2
23,4,17,89,2
23,4,18,1,4
23,4,19,61,4
23,4,20,20,1
23,4,21,31,2
23,4,22,46,3
23,4,23,50,2
23,4,24,95,2
23,4,25,39,3
23,4,26,93,3
23,4,27,51,4
23,4,28,92,2
23,4,29,40,4
23,4,30,63,1
23,4,31,27,4
23,4,32,8,3
23,4,33,57,4
23,4,34,56,2
23,4,35,70,1
23,4,36,5,4
23,4,37,4,3
23,4,38,32,1
23,4,39,82,3
23,4,40,18,1
23,4,41,94,4
23,4,42,2,2
23,4,43,83,1
23,4,44,45,4
23,4,45,69,4
23,4,46,23,3
23,4,47,7,2
23,4,48,12,1
23,4,49,25,2
23,4,50,71,3
23,4,51,42,1
23,4,52,84,4
23,4,53,55,1
23,4,54,78,4
23,4,55,96,1
23,4,56,64,4
23,4,57,16,2
23,4,58,79,3
23,4,59,81,3
23,4,60,37,4
23,5,1,21,2
23,5,2,3,1
23,5,3,30,2
23,5,4,35,2
23,5,5,47,3
23,5,6,60,2
23,5,7,65,2
23,5,8,11,2
23,5,9,59,3
23,5,10,88,2
23,5,11,29,3
23,5,12,62,2
23,5,13,53,4
23,5,14,62,4
23,5,15,51,4
23,5,16,73,3
23,5,17,83,1
23,5,18,13,1
23,5,19,56,4
23,5,20,80,2
23,5,21,68,3
23,5,22,67,3
23,5,23,46,3
23,5,24,79,4
23,5,25,16,2
23,5,26,1,4
23,5,27,88,3
23,5,28,63,2
23,5,29,93,3
23,5,30,75,3
23,5,31,2,1
23,5,32,69,4
23,5,33,33,3
23,5,34,58,4
23,5,35,15,3
23,5,36,22,3
23,5,37,38,2
23,5,38,96,3
23,5,39,71,2
23,5,40,3,3
23,5,41,74,1
23,5,42,61,2
23,5,43,91,3
23,5,44,86,3
23,5,45,10,3
23,5,46,37,2
23,5,47,81,1
23,5,48,18,2
23,5,49,20,2
23,5,50,76,3
23,5,51,60,4
23,5,52,42,1
23,5,53,14,1
23,5,54,24,3
23,5,55,52,2
23,5,56,5,1
23,5,57,29,2
23,5,58,31,1
23,5,59,39,1
23,5,60,41,2
23,6,1,90,1
23,6,2,44,4
23,6,3,26,3
23,6,4,6,2
23,6,5,4,2
23,6,6,55,3
23,6,7,66,4
23,6,8,12,4
23,6,9,87,4
23,6,10,64,1
23,6,11,77,3
23,6,12,82,1
23,6,13,65,3
23,6,14,84,4
23,6,15,30,3
23,6,16,59,3
23,6,17,50,3
23,6,18,70,2
23,6,19,94,2
23,6,20,35,4
23,6,21,78,2
23,6,22,48,3
23,6,23,21,3
23,6,24,23,4
23,6,25,40,2
23,6,26,28,1
23,6,27,92,2
23,6,28,45,3
23,6,29,43,3
23,6,30,19,4
23,6,31,8,3
23,6,32,27,3
23,6,33,57,2
23,6,34,72,2
23,6,35,9,4
23,6,36,47,1
23,6,37,32,4
23,6,38,25,4
23,6,39,89,1
23,6,40,49,3
23,6,41,34,2
23,6,42,54,1
23,6,43,7,4
23,6,44,11,4
23,6,45,95,3
23,6,46,17,4
23,6,47,36,3
23,6,48,85,2
23,6,49,85,2
23,6,50,55,3
23,6,51,61,4
23,6,52,12,3
23,6,53,94,3
23,6,54,50,2
23,6,55,22,1
23,6,56,24,4
23,6,57,88,3
23,6,58,6,4
23,6,59,28,1
23,6,60,41,3
23,7,1,18,2
23,7,2,36,2
23,7,3,76,3
23,7,4,35,3
23,7,5,56,2
23,7,6,54,4
23,7,7,43,2
23,7,8,19,2
23,7,9,46,3
23,7,10,45,2
23,7,11,90,1
23,7,12,93,1
23,7,13,80,3
23,7,14,5,4
23,7,15,7,1
23,7,16,1,2
23,7,17,63,2
23,7,18,84,4
23,7,19,47,1
23,7,20,66,4
23,7,21,16,2
23,7,22,72,4
23,7,23,87,4
23,7,24,8,1
23,7,25,71,3
23,7,26,86,1
23,7,27,91,1
23,7,28,27,1
23,7,29,30,1
23,7,30,69,4
23,7,31,13,3
23,7,32,68,2
23,7,33,62,2
23,7,34,42,2
23,7,35,17,3
23,7,36,83,2
23,7,37,2,3
23,7,37,88,4
23,7,38,32,4
23,7,39,48,4
23,7,40,26,2
23,7,41,31,2
23,7,42,59,3
23,7,43,44,3
23,7,44,38,3
23,7,45,49,3
23,7,46,40,2
23,7,47,51,2
23,7,48,21,4
23,7,49,75,1
23,7,50,9,4
23,7,51,58,1
23,7,52,39,4
23,7,53,29,2
23,7,54,92,2
23,7,55,11,4
23,7,56,20,2
23,7,57,77,3
23,7,58,96,2
23,7,59,81,2
23,7,60,53,3
24,1,1,2,4
24,1,2,5,3
24,1,3,13,1
24,1,4,14,3
24,1,5,6,1
24,1,6,18,1
24,1,7,21,2
24,1,8,24,2
24,1,9,19,1
24,1,10,17,3
24,1,11,1,3
24,1,12,7,4
24,1,13,20,2
24,1,14,22,3
24,1,15,9,4
24,1,16,10,3
24,1,17,11,2
24,1,18,12,4
24,1,19,3,4
24,1,20,23,2
24,1,21,4,3
24,1,22,16,4
24,1,23,15,4
24,1,24,8,4
24,2,1,83,2
24,2,2,22,3
24,2,3,41,3
24,2,4,62,2
24,2,5,84,2
24,2,6,17,2
24,2,7,35,2
24,2,8,46,2
24,2,9,86,1
24,2,10,59,3
24,2,11,82,2
24,2,12,77,2
24,2,13,48,2
24,2,14,55,3
24,2,15,76,4
24,2,16,51,4
24,2,17,26,4
24,2,18,89,4
24,2,19,39,3
24,2,20,2,3
24,2,20,88,4
24,2,21,57,2
24,2,22,50,1
24,2,23,58,4
24,2,24,16,3
24,2,25,21,3
24,2,26,9,4
24,2,27,92,3
24,2,28,93,4
24,2,29,40,1
24,2,30,94,4
24,2,31,49,3
24,2,32,65,4
24,2,33,23,3
24,2,34,72,1
24,2,35,37,4
24,2,36,30,3
24,2,37,33,1
24,2,38,95,3
24,2,39,75,3
24,2,40,25,4
24,2,41,88,3
24,2,42,36,3
24,2,43,20,3
24,2,44,74,3
24,2,45,7,4
24,2,46,70,3
24,2,47,91,3
24,2,48,8,4
24,2,49,38,4
24,2,50,4,2
24,2,51,96,2
24,2,52,19,2
24,2,53,13,3
24,2,54,78,2
24,2,55,61,3
24,2,56,90,3
24,2,57,85,4
24,2,58,64,4
24,2,59,66,1
24,2,60,68,1
24,3,1,42,1
24,3,2,5,3
24,3,3,80,2
24,3,4,47,1
24,3,5,79,1
24,3,6,6,4
24,3,7,14,1
24,3,8,12,1
24,3,9,27,1
24,3,10,11,3
24,3,11,73,2
24,3,12,69,1
24,3,13,45,3
24,3,14,15,3
24,3,15,32,2
24,3,16,10,2
24,3,17,18,2
24,3,18,67,2
24,3,19,31,3
24,3,20,63,3
24,3,21,54,3
24,3,22,43,2
24,3,23,24,1
24,3,24,56,4
24,3,25,52,3
24,3,26,60,4
24,3,27,87,3
24,3,28,53,4
24,3,29,3,1
24,3,30,28,1
24,3,31,34,2
24,3,32,81,4
24,3,33,44,2
24,3,34,71,4
24,3,35,29,2
24,3,36,1,1
24,3,37,54,3
24,3,38,35,1
24,3,39,24,4
24,3,40,93,4
24,3,41,53,4
24,3,42,10,4
24,3,43,76,4
24,3,44,56,1
24,3,45,57,4
24,3,46,28,2
24,3,47,2,3
24,3,47,88,4
24,3,48,34,3
24,3,49,14,3
24,3,50,27,4
24,3,51,42,2
24,3,52,33,4
24,3,53,19,4
24,3,54,90,3
24,3,55,1,2
24,3,56,39,2
24,3,57,89,3
24,3,58,51,4
24,3,59,58,1
24,3,60,9,2
24,4,1,26,3
24,4,2,32,1
24,4,3,6,4
24,4,4,16,4
24,4,5,84,4
24,4,6,5,2
24,4,7,21,4
24,4,8,47,2
24,4,9,74,4
24,4,10,88,1
24,4,11,8,3
24,4,12,60,4
24,4,13,87,3
24,4,14,63,2
24,4,15,13,3
24,4,16,41,3
24,4,17,38,2
24,4,18,55,4
24,4,19,82,4
24,4,20,23,3
24,4,21,59,4
24,4,22,18,1
24,4,23,4,2
24,4,24,29,2
24,4,25,3,4
24,4,26,22,1
24,4,27,31,2
24,4,28,96,1
24,4,29,44,1
24,4,30,50,3
24,4,31,73,3
24,4,32,37,1
24,4,33,81,2
24,4,34,70,3
24,4,35,49,3
24,4,36,30,1
24,4,37,25,2
24,4,38,36,1
24,4,39,64,2
24,4,40,48,2
24,4,41,66,3
24,4,42,92,3
24,4,43,69,3
24,4,44,75,3
24,4,45,40,4
24,4,46,67,3
24,4,47,77,1
24,4,48,72,3
24,4,49,7,3
24,4,50,43,2
24,4,51,85,3
24,4,52,15,3
24,4,53,61,2
24,4,54,65,4
24,4,55,91,3
24,4,56,68,4
24,4,57,95,3
24,4,58,78,2
24,4,59,71,2
24,4,60,11,1
24,5,1,79,3
24,5,2,17,2
24,5,3,20,2
24,5,4,45,1
24,5,5,83,2
24,5,6,12,1
24,5,7,86,1
24,5,8,94,1
24,5,9,52,3
24,5,10,62,2
24,5,11,46,2
24,5,12,80,1
24,5,13,2,2
24,5,14,35,3
24,5,15,82,2
24,5,16,93,4
24,5,17,50,3
24,5,18,76,3
24,5,19,68,4
24,5,20,62,2
24,5,21,60,2
24,5,22,5,4
24,5,23,58,2
24,5,24,33,2
24,5,25,90,1
24,5,26,1,2
24,5,27,48,2
24,5,28,46,2
24,5,29,8,2
24,5,30,14,3
24,5,31,42,3
24,5,32,23,1
24,5,33,31,3
24,5,34,38,3
24,5,35,37,4
24,5,36,6,3
24,5,37,51,3
24,5,38,16,1
24,5,39,18,2
24,5,40,28,1
24,5,41,3,4
24,5,42,84,1
24,5,43,81,1
24,5,44,70,3
24,5,45,89,4
24,5,46,71,4
24,5,47,55,2
24,5,48,80,1
24,5,49,72,4
24,5,50,77,1
24,5,51,24,3
24,5,52,66,2
24,5,53,88,1
24,5,54,65,2
24,5,55,54,4
24,5,56,22,3
24,5,57,47,4
24,5,58,32,4
24,5,59,95,4
24,5,60,53,3
24,6,1,7,4
24,6,2,85,3
24,6,3,56,2
24,6,4,75,1
24,6,5,63,3
24,6,6,69,3
24,6,7,57,1
24,6,8,45,3
24,6,9,44,2
24,6,10,20,3
24,6,11,12,3
24,6,12,41,3
24,6,13,79,1
24,6,14,78,4
24,6,15,34,4
24,6,16,13,2
24,6,17,9,2
24,6,18,21,4
24,6,19,27,1
24,6,20,29,1
24,6,21,43,4
24,6,22,59,4
24,6,23,4,3
24,6,24,10,1
24,6,25,87,2
24,6,26,96,3
24,6,27,94,3
24,6,28,64,4
24,6,29,26,2
24,6,30,36,2
24,6,31,15,1
24,6,32,73,1
24,6,33,11,3
24,6,34,19,4
24,6,35,39,4
24,6,36,17,3
24,6,37,49,3
24,6,38,25,1
24,6,39,83,2
24,6,40,67,2
24,6,41,92,2
24,6,42,91,3
24,6,43,30,4
24,6,44,40,2
24,6,45,61,1
24,6,46,52,2
24,6,47,86,1
24,6,48,74,4
24,6,49,69,3
24,6,50,8,2
24,6,51,80,2
24,6,52,42,3
24,6,53,20,3
24,6,54,58,3
24,6,55,65,4
24,6,56,3,4
24,6,57,82,2
24,6,58,79,3
24,6,59,57,2
24,6,60,90,3
24,7,1,63,4
24,7,2,7,4
24,7,3,66,3
24,7,4,15,2
24,7,5,41,3
24,7,6,84,1
24,7,7,55,2
24,7,8,11,3
24,7,9,32,3
24,7,10,2,2
24,7,11,71,3
24,7,12,34,3
24,7,13,78,2
24,7,14,52,1
24,7,15,96,2
24,7,16,1,3
24,7,17,39,2
24,7,18,64,3
24,7,19,67,3
24,7,20,12,2
24,7,21,86,3
24,7,22,45,2
24,7,23,6,3
24,7,24,30,1
24,7,25,44,3
24,7,26,61,2
24,7,27,54,4
24,7,28,18,1
24,7,29,72,1
24,7,30,88,3
24,7,31,21,2
24,7,32,83,1
24,7,33,24,3
24,7,34,70,2
24,7,35,22,3
24,7,36,38,1
24,7,37,14,3
24,7,38,9,1
24,7,39,48,2
24,7,40,68,3
24,7,41,93,3
24,7,42,5,4
24,7,43,87,4
24,7,44,40,2
24,7,45,26,1
24,7,46,51,4
24,7,47,49,3
24,7,48,95,2
24,7,49,89,1
24,7,50,28,3
24,7,51,31,2
24,7,52,75,2
24,7,53,35,2
24,7,54,50,1
24,7,55,53,4
24,7,56,17,3
24,7,57,77,2
24,7,58,73,2
24,7,59,59,3
24,7,60,37,3
25,1,1,8,4
25,1,2,22,3
25,1,3,24,4
25,1,4,1,1
25,1,5,5,1
25,1,6,7,3
25,1,7,2,3
25,1,8,9,3
25,1,9,4,1
25,1,10,15,4
25,1,11,14,1
25,1,12,13,4
25,1,13,23,4
25,1,14,10,2
25,1,15,6,1
25,1,16,19,3
25,1,17,16,4
25,1,18,3,1
25,1,19,17,2
25,1,20,21,2
25,1,21,18,4
25,1,22,11,4
25,1,23,12,4
25,1,24,20,1
25,2,1,89,2
25,2,2,23,1
25,2,3,70,1
25,2,4,21,3
25,2,5,14,4
25,2,6,51,1
25,2,7,26,4
25,2,8,54,3
25,2,9,53,2
25,2,10,8,4
25,2,11,41,1
25,2,12,56,4
25,2,13,31,2
25,2,14,49,4
25,2,15,90,2
25,2,16,76,4
25,2,17,39,4
25,2,18,85,1
25,2,19,24,1
25,2,20,2,3
25,2,20,88,4
25,2,21,79,4
25,2,22,74,1
25,2,23,1,2
25,2,24,27,3
25,2,25,29,3
25,2,26,72,2
25,2,27,28,4
25,2,28,36,4
25,2,29,11,2
25,2,30,22,2
25,2,31,87,3
25,2,32,81,3
25,2,33,47,3
25,2,34,20,4
25,2,35,16,3
25,2,36,84,1
25,2,37,88,3
25,2,38,55,2
25,2,39,86,2
25,2,40,75,4
25,2,41,17,4
25,2,42,44,1
25,2,43,34,1
25,2,44,48,3
25,2,45,83,1
25,2,46,37,2
25,2,47,65,1
25,2,48,64,4
25,2,49,42,4
25,2,50,33,3
25,2,51,6,4
25,2,52,68,3
25,2,53,7,1
25,2,54,19,1
25,2,55,59,4
25,2,56,67,4
25,2,57,78,1
25,2,58,4,2
25,2,59,94,2
25,2,60,13,2
25,3,1,46,3
25,3,2,61,3
25,3,3,96,3
25,3,4,12,1
25,3,5,5,1
25,3,6,57,4
25,3,7,18,2
25,3,8,30,2
25,3,9,38,2
25,3,10,15,3
25,3,11,95,2
25,3,12,9,4
25,3,13,10,3
25,3,14,69,1
25,3,15,52,3
25,3,16,43,3
25,3,17,63,1
25,3,18,50,1
25,3,19,66,3
25,3,20,45,3
25,3,21,91,1
25,3,22,35,3
25,3,23,73,2
25,3,24,93,2
25,3,25,3,2
25,3,26,32,2
25,3,27,80,1
25,3,28,82,2
25,3,29,40,2
25,3,30,92,3
25,3,31,60,1
25,3,32,58,3
25,3,33,77,4
25,3,34,25,2
25,3,35,62,1
25,3,36,71,3
25,3,37,62,3
25,3,38,59,4
25,3,39,66,4
25,3,40,49,4
25,3,41,14,3
25,3,42,39,3
25,3,43,96,1
25,3,44,20,3
25,3,45,51,3
25,3,46,54,1
25,3,47,33,3
25,3,48,48,2
25,3,49,89,4
25,3,50,77,3
25,3,51,93,2
25,3,52,11,3
25,3,53,57,1
25,3,54,43,4
25,3,55,26,3
25,3,56,31,3
25,3,57,30,2
25,3,58,40,4
25,3,59,7,2
25,3,60,6,1
25,4,1,67,4
25,4,2,87,1
25,4,3,88,2
25,4,4,9,1
25,4,5,35,2
25,4,6,90,1
25,4,7,94,2
25,4,8,85,1
25,4,9,81,3
25,4,10,84,1
25,4,11,71,2
25,4,12,45,1
25,4,13,23,1
25,4,14,1,2
25,4,15,69,1
25,4,16,75,1
25,4,17,63,3
25,4,18,4,2
25,4,19,32,4
25,4,20,15,4
25,4,21,47,2
25,4,22,34,2
25,4,23,70,1
25,4,24,80,1
25,4,25,78,3
25,4,26,27,1
25,4,27,25,1
25,4,28,72,1
25,4,29,21,4
25,4,30,2,3
25,4,30,88,4
25,4,31,37,1
25,4,32,38,3
25,4,33,79,2
25,4,34,44,4
25,4,35,36,1
25,4,36,73,4
25,4,37,50,1
25,4,38,18,1
25,4,39,24,2
25,4,40,19,2
25,4,41,29,4
25,4,42,86,3
25,4,43,74,1
25,4,44,56,1
25,4,45,3,4
25,4,46,22,1
25,4,47,76,2
25,4,48,68,3
25,4,49,65,3
25,4,50,55,3
25,4,51,82,4
25,4,52,95,2
25,4,53,58,2
25,4,54,16,2
25,4,55,52,3
25,4,56,60,2
25,4,57,17,2
25,4,58,42,3
25,4,59,10,2
25,4,60,61,3
25,5,1,28,1
25,5,2,13,3
25,5,3,46,1
25,5,4,41,3
25,5,5,12,4
25,5,6,83,1
25,5,7,64,2
25,5,8,5,3
25,5,9,92,3
25,5,10,91,3
25,5,11,8,1
25,5,12,53,2
25,5,13,13,2
25,5,14,19,1
25,5,15,16,1
25,5,16,6,2
25,5,17,53,2
25,5,18,5,1
25,5,19,11,1
25,5,20,89,1
25,5,21,84,1
25,5,22,21,1
25,5,23,10,3
25,5,24,29,3
25,5,25,95,3
25,5,26,59,2
25,5,27,3,2
25,5,28,79,4
25,5,29,23,4
25,5,30,65,1
25,5,31,70,1
25,5,32,75,4
25,5,33,93,2
25,5,34,12,4
25,5,35,35,2
25,5,36,14,4
25,5,37,33,4
25,5,38,30,4
25,5,39,92,2
25,5,40,55,2
25,5,41,85,3
25,5,42,71,2
25,5,43,64,2
25,5,44,18,3
25,5,45,73,4
25,5,46,62,2
25,5,47,42,1
25,5,48,28,4
25,5,49,77,4
25,5,50,69,2
25,5,51,4,2
25,5,52,24,4
25,5,53,37,2
25,5,54,66,2
25,5,55,7,4
25,5,56,39,1
25,5,57,40,1
25,5,58,34,2
25,5,59,45,2
25,5,60,22,2
25,6,1,58,2
25,6,2,27,1
25,6,3,60,1
25,6,4,78,1
25,6,5,57,1
25,6,6,49,4
25,6,7,72,4
25,6,8,9,2
25,6,9,96,3
25,6,10,94,3
25,6,11,63,4
25,6,12,47,1
25,6,13,44,4
25,6,14,43,3
25,6,15,8,1
25,6,16,83,2
25,6,17,87,2
25,6,18,86,2
25,6,19,25,2
25,6,20,74,3
25,6,21,68,4
25,6,22,20,2
25,6,23,54,3
25,6,24,67,3
25,6,25,17,2
25,6,26,51,1
25,6,27,1,2
25,6,28,48,3
25,6,29,52,3
25,6,30,15,1
25,6,31,88,1
25,6,32,31,3
25,6,33,61,3
25,6,34,81,3
25,6,35,26,2
25,6,36,46,2
25,6,37,50,2
25,6,38,90,1
25,6,39,36,3
25,6,40,76,2
25,6,41,2,2
25,6,42,56,3
25,6,43,32,3
25,6,44,38,3
25,6,45,91,2
25,6,46,82,2
25,6,47,80,1
25,6,48,41,2
25,6,49,7,4
25,6,50,39,2
25,6,51,42,2
25,6,52,4,1
25,6,53,25,1
25,6,54,62,3
25,6,55,23,2
25,6,56,18,1
25,6,57,83,2
25,6,58,29,4
25,6,59,49,2
25,6,60,2,3
25,6,60,88,4
25,7,1,91,1
25,7,2,52,3
25,7,3,56,1
25,7,4,67,2
25,7,5,84,1
25,7,6,70,3
25,7,7,48,2
25,7,8,86,3
25,7,9,53,2
25,7,10,73,4
25,7,11,54,4
25,7,12,17,2
25,7,13,44,2
25,7,14,43,1
25,7,15,16,3
25,7,16,66,3
25,7,17,76,2
25,7,18,40,2
25,7,19,71,2
25,7,20,55,4
25,7,21,22,4
25,7,22,1,3
25,7,23,57,1
25,7,24,34,4
25,7,25,46,2
25,7,26,8,1
25,7,27,69,3
25,7,28,30,4
25,7,29,20,2
25,7,30,65,1
25,7,31,15,1
25,7,32,26,4
25,7,33,87,1
25,7,34,24,3
25,7,35,10,2
25,7,36,47,2
25,7,37,60,2
25,7,38,80,1
25,7,39,78,1
25,7,40,33,3
25,7,41,45,1
25,7,42,63,1
25,7,43,13,4
25,7,44,72,4
25,7,45,96,1
25,7,46,6,2
25,7,47,3,1
25,7,48,50,3
25,7,49,82,4
25,7,50,77,4
25,7,51,19,2
25,7,52,94,4
25,7,53,51,3
25,7,54,31,3
25,7,55,58,1
25,7,56,64,2
25,7,57,59,4
25,7,58,81,2
25,7,59,41,3
25,7,60,9,4
26,1,1,17,4
26,1,2,3,3
26,1,3,10,1
26,1,4,24,2
26,1,5,19,2
26,1,6,21,4
26,1,7,6,2
26,1,8,9,1
26,1,9,18,2
26,1,10,16,4
26,1,11,20,2
26,1,12,12,2
26,1,13,7,2
26,1,14,13,4
26,1,15,8,3
26,1,16,2,4
26,1,17,1,4
26,1,18,22,2
26,1,19,14,3
26,1,20,15,4
26,1,21,4,3
26,1,22,23,4
26,1,23,5,3
26,1,24,11,3
26,2,1,83,1
26,2,2,10,3
26,2,3,35,1
26,2,4,31,2
26,2,5,18,1
26,2,6,11,2
26,2,7,96,4
26,2,8,49,3
26,2,9,76,1
26,2,10,29,3
26,2,11,28,4
26,2,12,85,2
26,2,13,4,3
26,2,14,19,1
26,2,15,69,2
26,2,16,43,3
26,2,17,51,4
26,2,18,60,4
26,2,19,74,3
26,2,20,40,3
26,2,21,82,4
26,2,22,89,3
26,2,23,91,1
26,2,24,86,4
26,2,25,55,3
26,2,26,92,1
26,2,27,64,2
26,2,28,94,4
26,2,29,6,4
26,2,30,79,3
26,2,31,81,1
26,2,32,95,1
26,2,33,93,2
26,2,34,36,2
26,2,35,26,3
26,2,36,84,1
26,2,37,70,4
26,2,38,87,3
26,2,39,48,4
26,2,40,20,2
26,2,41,22,2
26,2,42,42,3
26,2,43,38,1
26,2,44,45,2
26,2,45,61,2
26,2,46,3,4
26,2,47,33,1
26,2,48,75,3
26,2,49,27,3
26,2,50,15,1
26,2,51,41,3
26,2,52,21,4
26,2,53,65,1
26,2,54,77,2
26,2,55,37,1
26,2,56,62,2
26,2,57,17,2
26,2,58,54,1
26,2,59,71,4
26,2,60,12,2
26,3,1,73,1
26,3,2,46,3
26,3,3,56,1
26,3,4,16,2
26,3,5,5,4
26,3,6,90,1
26,3,7,30,4
26,3,8,1,2
26,3,9,52,1
26,3,10,47,2
26,3,11,14,3
26,3,12,88,2
26,3,13,34,4
26,3,14,23,4
26,3,15,58,1
26,3,16,67,4
26,3,17,39,1
26,3,18,9,1
26,3,19,50,3
26,3,20,68,2
26,3,21,2,2
26,3,22,66,3
26,3,23,53,1
26,3,24,13,3
26,3,25,57,3
26,3,26,7,1
26,3,27,80,2
26,3,28,32,3
26,3,29,24,3
26,3,30,63,2
26,3,31,25,1
26,3,32,72,3
26,3,33,78,4
26,3,34,59,4
26,3,35,8,4
26,3,36,44,3
26,3,37,86,2
26,3,38,82,2
26,3,39,37,1
26,3,40,17,3
26,3,41,24,3
26,3,42,62,2
26,3,43,8,2
26,3,44,18,2
26,3,45,74,3
26,3,46,29,2
26,3,47,3,4
26,3,48,22,2
26,3,49,59,4
26,3,50,31,3
26,3,51,69,2
26,3,52,46,3
26,3,53,11,3
26,3,54,36,3
26,3,55,55,4
26,3,56,57,2
26,3,57,33,2
26,3,58,92,3
26,3,59,70,4
26,3,60,71,2
26,4,1,65,2
26,4,2,60,2
26,4,3,38,4
26,4,4,21,4
26,4,5,1,3
26,4,6,90,2
26,4,7,45,2
26,4,8,96,3
26,4,9,94,1
26,4,10,87,4
26,4,11,91,1
26,4,12,7,2
26,4,13,42,1
26,4,14,4,1
26,4,15,28,4
26,4,16,67,3
26,4,17,39,1
26,4,18,9,3
26,4,19,44,2
26,4,20,66,3
26,4,21,58,2
26,4,22,30,3
26,4,23,48,2
26,4,24,68,4
26,4,25,95,4
26,4,26,10,2
26,4,27,81,1
26,4,28,77,1
26,4,29,49,4
26,4,30,25,2
26,4,31,16,2
26,4,32,32,3
26,4,33,5,3
26,4,34,89,1
26,4,35,41,3
26,4,36,35,2
26,4,37,64,1
26,4,38,88,3
26,4,39,56,2
26,4,40,34,1
26,4,41,83,2
26,4,42,73,2
26,4,43,93,2
26,4,44,85,2
26,4,45,76,3
26,4,46,6,3
26,4,47,50,2
26,4,48,12,1
26,4,49,47,3
26,4,50,78,3
26,4,51,79,4
26,4,52,26,4
26,4,53,51,2
26,4,54,27,3
26,4,55,80,2
26,4,56,63,2
26,4,57,19,4
26,4,58,61,3
26,4,59,2,3
26,4,59,88,4
26,4,60,40,1
26,5,1,23,4
26,5,2,52,2
26,5,3,43,4
26,5,4,13,2
26,5,5,84,4
26,5,6,54,2
26,5,7,75,3
26,5,8,14,2
26,5,9,53,4
26,5,10,20,3
26,5,11,15,1
26,5,12,72,4
26,5,13,19,2
26,5,14,23,4
26,5,15,67,3
26,5,16,77,4
26,5,17,39,3
26,5,18,16,1
26,5,19,46,2
26,5,20,75,3
26,5,21,41,3
26,5,22,93,4
26,5,23,49,4
26,5,24,66,3
26,5,25,4,4
26,5,26,34,3
26,5,27,71,1
26,5,28,17,2
26,5,29,65,3
26,5,30,26,3
26,5,31,21,2
26,5,32,85,3
26,5,33,7,4
26,5,34,38,4
26,5,35,74,1
26,5,36,25,1
26,5,37,54,2
26,5,38,87,1
26,5,39,52,1
26,5,40,12,2
26,5,41,47,2
26,5,42,89,2
26,5,43,1,4
26,5,44,18,3
26,5,45,8,2
26,5,46,72,4
26,5,47,81,2
26,5,48,58,2
26,5,49,44,3
26,5,50,45,2
26,5,51,80,2
26,5,52,68,2
26,5,53,50,2
26,5,54,14,4
26,5,55,94,4
26,5,56,84,4
26,5,57,60,4
26,5,58,33,2
26,5,59,57,2
26,5,60,24,2
26,6,1,55,2
26,6,2,6,4
26,6,3,83,1
26,6,4,31,2
26,6,5,36,2
26,6,6,35,2
26,6,7,29,2
26,6,8,88,2
26,6,9,90,1
26,6,10,96,3
26,6,11,59,4
26,6,12,73,2
26,6,13,13,3
26,6,14,11,3
26,6,15,63,3
26,6,16,86,4
26,6,17,51,4
26,6,18,40,2
26,6,19,32,2
26,6,20,82,3
26,6,21,22,1
26,6,22,30,2
26,6,23,3,1
26,6,24,42,3
26,6,25,20,3
26,6,26,95,2
26,6,27,2,3
26,6,27,88,4
26,6,28,62,4
26,6,29,69,4
26,6,30,53,4
26,6,31,9,4
26,6,32,76,3
26,6,33,61,4
26,6,34,5,1
26,6,35,92,3
26,6,36,64,4
26,6,37,78,3
26,6,38,37,3
26,6,39,48,4
26,6,40,28,3
26,6,41,27,4
26,6,42,70,1
26,6,43,79,3
26,6,44,56,4
26,6,45,10,1
26,6,46,15,2
26,6,47,43,2
26,6,48,91,2
26,6,49,86,4
26,6,50,55,2
26,6,51,79,1
26,6,52,52,1
26,6,53,27,2
26,6,54,75,1
26,6,55,67,4
26,6,56,2,1
26,6,57,32,4
26,6,58,39,3
26,6,59,72,4
26,6,60,74,1
26,7,1,10,3
26,7,2,93,4
26,7,3,59,3
26,7,4,87,3
26,7,5,49,2
26,7,6,35,2
26,7,7,19,4
26,7,8,76,3
26,7,9,48,2
26,7,10,69,1
26,7,11,3,3
26,7,12,36,1
26,7,13,30,2
26,7,14,89,2
26,7,15,57,3
26,7,16,24,1
26,7,17,6,4
26,7,18,53,1
26,7,19,90,1
26,7,20,44,1
26,7,21,61,2
26,7,22,64,2
26,7,23,47,4
26,7,24,96,3
26,7,25,4,2
26,7,26,63,4
26,7,27,33,2
26,7,28,82,2
26,7,29,77,1
26,7,30,28,3
26,7,31,50,3
26,7,32,38,4
26,7,33,31,1
26,7,34,54,4
26,7,35,42,2
26,7,36,94,4
26,7,37,80,4
26,7,38,81,2
26,7,39,78,2
26,7,40,62,1
26,7,41,40,2
26,7,42,91,2
26,7,43,92,4
26,7,44,84,4
26,7,45,29,1
26,7,46,13,4
26,7,47,2,3
26,7,47,88,4
26,7,48,21,4
26,7,49,65,4
26,7,50,85,3
26,7,51,68,3
26,7,52,43,4
26,7,53,60,3
26,7,54,20,2
26,7,55,25,2
26,7,56,70,2
26,7,57,83,1
26,7,58,7,1
26,7,59,51,3
26,7,60,12,4
27,1,1,23,1
27,1,2,17,1
27,1,3,8,3
27,1,4,1,3
27,1,5,10,4
27,1,6,5,1
27,1,7,20,4
27,1,8,6,2
27,1,9,11,1
27,1,10,9,1
27,1,11,12,4
27,1,12,24,2
27,1,13,4,3
27,1,14,19,2
27,1,15,15,1
27,1,16,22,3
27,1,17,18,3
27,1,18,16,2
27,1,19,7,2
27,1,20,14,3
27,1,21,21,2
27,1,22,2,4
27,1,23,3,1
27,1,24,13,3
27,2,1,52,1
27,2,2,58,2
27,2,3,24,3
27,2,4,55,3
27,2,5,78,2
27,2,6,14,1
27,2,7,56,1
27,2,8,40,1
27,2,9,90,1
27,2,10,25,2
27,2,11,76,1
27,2,12,84,4
27,2,13,96,2
27,2,14,12,3
27,2,15,2,3
27,2,15,88,4
27,2,16,53,3
27,2,17,42,3
27,2,18,57,3
27,2,19,13,2
27,2,20,88,2
27,2,21,54,1
27,2,22,64,3
27,2,23,91,1
27,2,24,82,2
27,2,25,22,1
27,2,26,33,3
27,2,27,48,2
27,2,28,21,2
27,2,29,3,3
27,2,30,50,4
27,2,31,38,4
27,2,32,77,3
27,2,33,83,4
27,2,34,70,4
27,2,35,59,2
27,2,36,20,1
27,2,37,94,3
27,2,38,80,3
27,2,39,49,3
27,2,40,32,3
27,2,41,26,4
27,2,42,15,4
27,2,43,41,1
27,2,44,16,2
27,2,45,30,2
27,2,46,72,4
27,2,47,9,3
27,2,48,46,3
27,2,49,4,1
27,2,50,31,2
27,2,51,43,4
27,2,52,37,3
27,2,53,89,1
27,2,54,11,3
27,2,55,60,2
27,2,56,81,1
27,2,57,74,2
27,2,58,34,2
27,2,59,86,3
27,2,60,71,4
27,3,1,66,4
27,3,2,92,3
27,3,3,62,2
27,3,4,7,4
27,3,5,65,2
27,3,6,36,1
27,3,7,45,3
27,3,8,39,3
27,3,9,1,4
27,3,10,5,4
27,3,11,73,4
27,3,12,44,2
27,3,13,67,3
27,3,14,93,1
27,3,15,61,3
27,3,16,85,3
27,3,17,47,3
27,3,18,68,4
27,3,19,75,4
27,3,20,19,3
27,3,21,69,2
27,3,22,51,4
27,3,23,29,4
27,3,24,79,2
27,3,25,28,4
27,3,26,35,1
27,3,27,27,1
27,3,28,63,3
27,3,29,10,3
27,3,30,87,3
27,3,31,23,1
27,3,32,6,2
27,3,33,17,2
27,3,34,95,2
27,3,35,8,3
27,3,36,18,3
27,3,37,26,3
27,3,38,24,3
27,3,39,55,2
27,3,40,31,4
27,3,41,65,2
27,3,42,72,2
27,3,43,32,4
27,3,44,29,2
27,3,45,34,1
27,3,46,57,2
27,3,47,52,3
27,3,48,42,3
27,3,49,83,4
27,3,50,66,2
27,3,51,77,2
27,3,52,16,3
27,3,53,19,4
27,3,54,74,1
27,3,55,4,2
27,3,56,81,2
27,3,57,79,2
27,3,58,76,3
27,3,59,11,4
27,3,60,14,3
27,4,1,3,3
27,4,2,35,4
27,4,3,27,4
27,4,4,61,2
27,4,5,15,1
27,4,6,47,3
27,4,7,1,1
27,4,8,94,2
27,4,9,73,3
27,4,10,25,1
27,4,11,9,1
27,4,12,13,1
27,4,13,22,3
27,4,14,49,1
27,4,15,17,3
27,4,16,7,4
27,4,17,48,2
27,4,18,59,1
27,4,19,67,3
27,4,20,21,1
27,4,21,2,1
27,4,22,69,1
27,4,23,75,3
27,4,24,40,2
27,4,25,93,2
27,4,26,82,2
27,4,27,30,4
27,4,28,70,2
27,4,29,87,2
27,4,30,96,2
27,4,31,86,1
27,4,32,89,3
27,4,33,38,2
27,4,34,20,4
27,4,35,71,1
27,4,36,62,2
27,4,37,91,1
27,4,38,64,2
27,4,39,50,3
27,4,40,33,1
27,4,41,88,1
27,4,42,68,4
27,4,43,58,1
27,4,44,92,3
27,4,45,85,3
27,4,46,37,4
27,4,47,51,4
27,4,48,44,4
27,4,49,6,3
27,4,50,36,1
27,4,51,41,3
27,4,52,53,2
27,4,53,18,3
27,4,54,84,4
27,4,55,63,3
27,4,56,46,4
27,4,57,95,3
27,4,58,78,2
27,4,59,10,2
27,4,60,43,2
27,5,1,54,1
27,5,2,23,3
27,5,3,5,3
27,5,4,28,4
27,5,5,80,1
27,5,6,8,1
27,5,7,39,4
27,5,8,56,4
27,5,9,45,2
27,5,10,12,2
27,5,11,60,4
27,5,12,90,1
27,5,13,8,4
27,5,14,77,3
27,5,15,79,4
27,5,16,63,3
27,5,17,87,1
27,5,18,88,3
27,5,19,90,3
27,5,20,66,4
27,5,21,52,3
27,5,22,64,4
27,5,23,16,1
27,5,24,74,3
27,5,25,93,2
27,5,26,25,4
27,5,27,23,3
27,5,28,73,1
27,5,29,47,3
27,5,30,48,1
27,5,31,2,2
27,5,32,67,3
27,5,33,35,3
27,5,34,78,3
27,5,35,12,2
27,5,36,62,2
27,5,37,70,1
27,5,38,81,2
27,5,39,40,3
27,5,40,80,2
27,5,41,57,2
27,5,42,29,2
27,5,43,1,4
27,5,44,42,1
27,5,45,22,2
27,5,46,55,4
27,5,47,32,4
27,5,48,85,3
27,5,49,83,2
27,5,50,18,2
27,5,51,15,1
27,5,52,7,2
27,5,53,56,1
27,5,54,33,2
27,5,55,46,2
27,5,56,86,1
27,5,57,43,2
27,5,58,10,3
27,5,59,6,3
27,5,60,19,2
27,6,1,53,4
27,6,2,17,2
27,6,3,9,3
27,6,4,68,2
27,6,5,45,1
27,6,6,84,3
27,6,7,92,2
27,6,8,75,1
27,6,9,28,3
27,6,10,13,2
27,6,11,39,2
27,6,12,24,4
27,6,13,44,4
27,6,14,37,3
27,6,15,91,4
27,6,16,76,3
27,6,17,50,2
27,6,18,96,4
27,6,19,71,4
27,6,20,72,2
27,6,21,69,2
27,6,22,4,1
27,6,23,26,1
27,6,24,82,1
27,6,25,54,4
27,6,26,59,4
27,6,27,36,4
27,6,28,41,3
27,6,29,94,2
27,6,30,49,2
27,6,31,31,2
27,6,32,65,3
27,6,33,89,4
27,6,34,21,4
27,6,35,14,3
27,6,36,5,3
27,6,37,30,1
27,6,38,38,4
27,6,39,61,3
27,6,40,11,3
27,6,41,27,4
27,6,42,58,4
27,6,43,3,3
27,6,44,95,1
27,6,45,20,3
27,6,46,51,3
27,6,47,34,4
27,6,48,60,2
27,6,49,6,2
27,6,50,45,1
27,6,51,52,1
27,6,52,17,2
27,6,53,47,3
27,6,54,53,4
27,6,55,93,2
27,6,56,89,4
27,6,57,64,2
27,6,58,88,2
27,6,59,22,4
27,6,60,61,3
27,7,1,68,2
27,7,2,80,3
27,7,3,44,4
27,7,4,4,3
27,7,5,23,1
27,7,6,76,3
27,7,7,7,3
27,7,8,30,1
27,7,9,82,3
27,7,10,32,4
27,7,11,28,1
27,7,12,50,3
27,7,13,36,4
27,7,14,95,4
27,7,15,58,3
27,7,16,56,3
27,7,17,8,4
27,7,18,75,4
27,7,19,46,2
27,7,20,81,2
27,7,21,83,1
27,7,22,14,2
27,7,23,31,2
27,7,24,38,2
27,7,25,2,2
27,7,26,41,4
27,7,27,92,2
27,7,28,62,2
27,7,29,78,1
27,7,30,55,4
27,7,31,69,1
27,7,32,48,2
27,7,33,66,2
27,7,34,9,3
27,7,35,19,4
27,7,36,85,1
27,7,37,94,4
27,7,38,42,1
27,7,39,25,4
27,7,40,74,2
27,7,41,26,4
27,7,42,57,4
27,7,43,72,3
27,7,44,20,3
27,7,45,34,1
27,7,46,12,1
27,7,47,73,2
27,7,48,27,1
27,7,49,87,3
27,7,50,11,3
27,7,51,1,4
27,7,52,54,4
27,7,53,3,4
27,7,54,24,4
27,7,55,91,1
27,7,56,29,3
27,7,57,5,4
27,7,58,37,3
27,7,59,90,2
27,7,60,67,4
28,1,1,11,1
28,1,2,15,4
28,1,3,4,4
28,1,4,10,1
28,1,5,14,1
28,1,6,5,1
28,1,7,16,1
28,1,8,23,4
28,1,9,2,2
28,1,10,19,1
28,1,11,17,1
28,1,12,7,2
28,1,13,3,4
28,1,14,20,3
28,1,15,13,1
28,1,16,12,2
28,1,17,1,1
28,1,18,21,3
28,1,19,22,3
28,1,20,8,2
28,1,21,18,3
28,1,22,24,1
28,1,23,6,2
28,1,24,9,3
28,2,1,76,1
28,2,2,54,2
28,2,3,36,1
28,2,4,41,4
28,2,5,93,2
28,2,6,16,1
28,2,7,64,4
28,2,8,77,1
28,2,9,85,2
28,2,10,73,4
28,2,11,4,1
28,2,12,14,1
28,2,13,29,2
28,2,14,49,3
28,2,15,51,2
28,2,16,22,2
28,2,17,10,4
28,2,18,37,1
28,2,19,63,2
28,2,20,72,2
28,2,21,25,1
28,2,22,27,4
28,2,23,52,3
28,2,24,38,1
28,2,25,42,1
28,2,26,28,3
28,2,27,26,3
28,2,28,20,1
28,2,29,92,2
28,2,30,95,3
28,2,31,70,4
28,2,32,69,1
28,2,33,55,4
28,2,34,84,2
28,2,35,24,2
28,2,36,17,2
28,2,37,48,3
28,2,38,66,3
28,2,39,2,4
28,2,40,87,2
28,2,41,34,1
28,2,42,15,3
28,2,43,90,1
28,2,44,89,3
28,2,45,40,2
28,2,46,78,1
28,2,47,88,2
28,2,48,9,3
28,2,49,45,1
28,2,50,59,4
28,2,51,32,1
28,2,52,60,1
28,2,53,81,2
28,2,54,62,2
28,2,55,86,3
28,2,56,65,2
28,2,57,7,2
28,2,58,11,4
28,2,59,68,4
28,2,60,35,2
28,3,1,6,4
28,3,2,21,2
28,3,3,30,4
28,3,4,83,3
28,3,5,18,1
28,3,6,8,2
28,3,7,96,3
28,3,8,31,3
28,3,9,5,2
28,3,10,75,2
28,3,11,91,1
28,3,12,3,1
28,3,13,1,2
28,3,14,58,2
28,3,15,46,1
28,3,16,80,4
28,3,17,50,4
28,3,18,94,3
28,3,19,82,3
28,3,20,53,3
28,3,21,74,3
28,3,22,13,1
28,3,23,47,4
28,3,24,33,4
28,3,25,57,1
28,3,26,19,2
28,3,27,67,4
28,3,28,23,2
28,3,29,44,2
28,3,30,79,2
28,3,31,39,2
28,3,32,71,3
28,3,33,61,3
28,3,34,43,1
28,3,35,56,4
28,3,36,12,2
28,3,37,47,4
28,3,38,3,4
28,3,39,93,4
28,3,40,65,2
28,3,41,91,4
28,3,42,38,4
28,3,43,45,1
28,3,44,39,3
28,3,45,31,2
28,3,46,70,4
28,3,47,53,1
28,3,48,95,1
28,3,49,56,2
28,3,50,61,3
28,3,51,84,4
28,3,52,88,1
28,3,53,34,3
28,3,54,73,1
28,3,55,4,3
28,3,56,76,4
28,3,57,82,4
28,3,58,90,2
28,3,59,12,3
28,3,60,89,4
28,4,1,59,1
28,4,2,20,2
28,4,3,7,2
28,4,4,26,3
28,4,5,8,1
28,4,6,52,2
28,4,7,24,2
28,4,8,16,2
28,4,9,74,2
28,4,10,9,1
28,4,11,49,4
28,4,12,69,1
28,4,13,94,3
28,4,14,11,2
28,4,15,57,3
28,4,16,19,2
28,4,17,60,3
28,4,18,77,1
28,4,19,85,4
28,4,20,2,3
28,4,20,88,4
28,4,21,75,1
28,4,22,35,4
28,4,23,68,2
28,4,24,27,2
28,4,25,72,2
28,4,26,64,3
28,4,27,62,4
28,4,28,92,1
28,4,29,80,2
28,4,30,48,4
28,4,31,25,1
28,4,32,6,4
28,4,33,5,4
28,4,34,32,2
28,4,35,21,2
28,4,36,67,4
28,4,37,33,2
28,4,38,41,4
28,4,39,42,2
28,4,40,28,3
28,4,41,18,1
28,4,42,86,4
28,4,43,43,2
28,4,44,83,4
28,4,45,79,2
28,4,46,10,3
28,4,47,17,2
28,4,48,78,1
28,4,49,87,3
28,4,50,71,2
28,4,51,14,1
28,4,52,23,1
28,4,53,55,2
28,4,54,37,3
28,4,55,66,4
28,4,56,1,2
28,4,57,36,3
28,4,58,63,3
28,4,59,22,3
28,4,60,29,2
28,5,1,50,3
28,5,2,40,2
28,5,3,15,2
28,5,4,96,4
28,5,5,44,2
28,5,6,54,1
28,5,7,13,4
28,5,8,81,2
28,5,9,51,3
28,5,10,58,3
28,5,11,30,4
28,5,12,46,2
28,5,13,18,1
28,5,14,32,3
28,5,15,71,4
28,5,16,4,4
28,5,17,30,1
28,5,18,16,1
28,5,19,14,1
28,5,20,26,4
28,5,21,34,3
28,5,22,61,3
28,5,23,2,2
28,5,24,59,1
28,5,25,87,4
28,5,26,6,1
28,5,27,49,4
28,5,28,44,1
28,5,29,5,1
28,5,30,55,3
28,5,31,2,3
28,5,31,88,4
28,5,32,65,1
28,5,33,69,4
28,5,34,95,1
28,5,35,76,3
28,5,36,47,2
28,5,37,67,3
28,5,38,85,4
28,5,39,20,3
28,5,40,12,1
28,5,41,58,1
28,5,42,78,1
28,5,43,36,2
28,5,44,42,1
28,5,45,39,2
28,5,46,64,3
28,5,47,19,2
28,5,48,24,3
28,5,49,77,2
28,5,50,73,4
28,5,51,63,1
28,5,52,60,4
28,5,53,57,2
28,5,54,35,1
28,5,55,86,4
28,5,56,45,1
28,5,57,96,3
28,5,58,81,2
28,5,59,52,3
28,5,60,43,4
28,6,1,11,4
28,6,2,33,1
28,6,3,74,2
28,6,4,28,3
28,6,5,13,2
28,6,6,56,1
28,6,7,8,4
28,6,8,66,2
28,6,9,31,3
28,6,10,70,3
28,6,11,68,4
28,6,12,54,1
28,6,13,48,1
28,6,14,84,4
28,6,15,91,3
28,6,16,17,3
28,6,17,50,1
28,6,18,92,1
28,6,19,37,4
28,6,20,90,2
28,6,21,41,2
28,6,22,72,4
28,6,23,89,4
28,6,24,46,3
28,6,25,83,4
28,6,26,51,1
28,6,27,9,4
28,6,28,27,4
28,6,29,75,4
28,6,30,80,2
28,6,31,62,3
28,6,32,82,4
28,6,33,29,1
28,6,34,10,3
28,6,35,25,1
28,6,36,23,4
28,6,37,53,2
28,6,38,38,4
28,6,39,93,3
28,6,40,40,3
28,6,41,1,4
28,6,42,7,2
28,6,43,21,4
28,6,44,79,4
28,6,45,94,2
28,6,46,15,4
28,6,47,22,3
28,6,48,3,4
28,6,49,3,2
28,6,50,51,4
28,6,51,87,3
28,6,52,95,3
28,6,53,24,3
28,6,54,45,1
28,6,55,65,2
28,6,56,39,1
28,6,57,74,1
28,6,58,5,4
28,6,59,63,4
28,6,60,78,1
28,7,1,10,1
28,7,2,88,1
28,7,3,4,3
28,7,4,69,1
28,7,5,1,1
28,7,6,68,4
28,7,7,34,3
28,7,8,86,2
28,7,9,9,4
28,7,10,84,3
28,7,11,73,2
28,7,12,94,3
28,7,13,66,1
28,7,14,55,1
28,7,15,42,2
28,7,16,46,4
28,7,17,83,1
28,7,18,64,1
28,7,19,52,2
28,7,20,38,4
28,7,21,21,1
28,7,22,61,4
28,7,23,41,3
28,7,24,14,4
28,7,25,8,2
28,7,26,17,3
28,7,27,11,2
28,7,28,48,3
28,7,29,15,2
28,7,30,54,3
28,7,31,57,3
28,7,32,25,3
28,7,33,67,1
28,7,34,37,2
28,7,35,44,4
28,7,36,62,4
28,7,37,29,3
28,7,38,60,4
28,7,39,96,4
28,7,40,70,2
28,7,41,16,2
28,7,42,30,1
28,7,43,28,2
28,7,44,22,2
28,7,45,89,1
28,7,46,76,4
28,7,47,85,1
28,7,48,6,1
28,7,49,59,2
28,7,50,72,3
28,7,51,12,3
28,7,52,35,4
28,7,53,56,2
28,7,54,90,2
28,7,55,7,4
28,7,56,23,3
28,7,57,20,2
28,7,58,82,2
28,7,59,53,4
28,7,60,2,3
28,7,60,88,4
2,1,1,15,4
2,1,2,11,4
2,1,3,16,4
2,1,4,13,1
2,1,5,18,2
2,1,6,3,3
2,1,7,21,1
2,1,8,5,2
2,1,9,17,3
2,1,10,23,2
2,1,11,14,2
2,1,12,9,4
2,1,13,20,2
2,1,14,4,3
2,1,15,6,4
2,1,16,7,3
2,1,17,2,1
2,1,18,10,3
2,1,19,8,1
2,1,20,22,3
2,1,21,12,3
2,1,22,24,1
2,1,23,19,4
2,1,24,1,2
2,2,1,51,3
2,2,2,47,3
2,2,3,96,2
2,2,4,87,2
2,2,5,81,2
2,2,6,71,3
2,2,7,15,2
2,2,8,27,4
2,2,9,38,1
2,2,10,94,4
2,2,11,4,4
2,2,12,91,3
2,2,13,82,1
2,2,14,31,4
2,2,15,33,4
2,2,16,49,4
2,2,17,11,3
2,2,18,23,1
2,2,19,73,3
2,2,20,70,4
2,2,21,67,4
2,2,22,34,3
2,2,23,86,2
2,2,24,63,1
2,2,25,77,1
2,2,26,18,1
2,2,27,28,1
2,2,28,66,2
2,2,29,78,2
2,2,30,3,2
2,2,31,1,1
2,2,32,44,3
2,2,33,65,2
2,2,34,43,2
2,2,35,39,1
2,2,36,83,3
2,2,37,26,1
2,2,38,19,2
2,2,39,76,4
2,2,40,35,2
2,2,41,59,4
2,2,42,95,1
2,2,43,17,2
2,2,44,52,3
2,2,45,53,2
2,2,46,24,2
2,2,47,92,3
2,2,48,20,1
2,2,49,25,1
2,2,50,88,1
2,2,51,5,4
2,2,52,8,2
2,2,53,60,2
2,2,54,10,1
2,2,55,56,1
2,2,56,42,3
2,2,57,9,3
2,2,58,62,2
2,2,59,16,1
2,2,60,89,2
2,3,1,58,1
2,3,2,32,2
2,3,3,80,2
2,3,4,57,2
2,3,5,48,3
2,3,6,7,2
2,3,7,69,2
2,3,8,21,4
2,3,9,29,2
2,3,10,61,4
2,3,11,68,2
2,3,12,40,2
2,3,13,90,3
2,3,14,50,4
2,3,15,64,1
2,3,16,30,4
2,3,17,41,3
2,3,18,13,3
2,3,19,55,2
2,3,20,12,2
2,3,21,79,3
2,3,22,14,3
2,3,23,93,1
2,3,24,54,2
2,3,25,37,4
2,3,26,45,4
2,3,27,36,3
2,3,28,74,2
2,3,29,2,3
2,3,29,88,4
2,3,30,72,2
2,3,31,22,3
2,3,32,46,1
2,3,33,6,4
2,3,34,75,4
2,3,35,85,2
2,3,36,84,4
2,3,37,25,2
2,3,38,86,2
2,3,39,27,2
2,3,40,84,3
2,3,41,79,1
2,3,42,63,3
2,3,43,3,3
2,3,44,14,1
2,3,45,75,1
2,3,46,37,3
2,3,47,62,3
2,3,48,16,3
2,3,49,11,2
2,3,50,96,1
2,3,51,41,4
2,3,52,90,2
2,3,53,38,4
2,3,54,94,1
2,3,55,73,4
2,3,56,22,3
2,3,57,52,1
2,3,58,13,2
2,3,59,47,1
2,3,60,57,4
2,4,1,64,2
2,4,2,4,2
2,4,3,67,2
2,4,4,23,3
2,4,5,26,3
2,4,6,83,2
2,4,7,24,4
2,4,8,33,2
2,4,9,60,4
2,4,10,19,4
2,4,11,40,1
2,4,12,21,3
2,4,13,2,3
2,4,13,88,4
2,4,14,30,3
2,4,15,92,1
2,4,16,36,3
2,4,17,68,1
2,4,18,29,3
2,4,19,1,4
2,4,20,78,2
2,4,21,46,3
2,4,22,89,2
2,4,23,93,3
2,4,24,12,1
2,4,25,81,1
2,4,26,20,3
2,4,27,65,2
2,4,28,55,2
2,4,29,7,2
2,4,30,6,3
2,4,31,15,3
2,4,32,56,3
2,4,33,58,3
2,4,34,39,3
2,4,35,45,4
2,4,36,28,1
2,4,37,42,1
2,4,38,35,3
2,4,39,61,2
2,4,40,72,2
2,4,41,43,2
2,4,42,18,1
2,4,43,82,2
2,4,44,31,3
2,4,45,32,2
2,4,46,71,4
2,4,47,53,4
2,4,48,70,4
2,4,49,5,3
2,4,50,91,1
2,4,51,76,3
2,4,52,54,1
2,4,53,77,1
2,4,54,51,2
2,4,55,48,3
2,4,56,88,1
2,4,57,95,1
2,4,58,66,2
2,4,59,10,3
2,4,60,17,2
2,5,1,8,2
2,5,2,69,1
2,5,3,34,3
2,5,4,49,4
2,5,5,9,4
2,5,6,59,4
2,5,7,74,4
2,5,8,50,3
2,5,9,80,3
2,5,10,44,1
2,5,11,85,3
2,5,12,87,2
2,5,13,39,1
2,5,14,81,4
2,5,15,37,3
2,5,16,22,1
2,5,17,91,2
2,5,18,41,1
2,5,19,83,1
2,5,20,21,2
2,5,21,55,4
2,5,22,60,4
2,5,23,75,1
2,5,24,20,3
2,5,25,54,1
2,5,26,24,3
2,5,27,29,1
2,5,28,34,3
2,5,29,28,1
2,5,30,58,1
2,5,31,64,3
2,5,32,15,3
2,5,33,76,2
2,5,34,85,3
2,5,35,52,1
2,5,36,69,1
2,5,37,53,4
2,5,38,14,4
2,5,39,33,2
2,5,40,50,4
2,5,41,66,3
2,5,42,47,2
2,5,43,94,4
2,5,44,79,1
2,5,45,78,1
2,5,46,73,2
2,5,47,35,3
2,5,48,23,2
2,5,49,96,2
2,5,50,10,4
2,5,51,63,1
2,5,52,38,4
2,5,53,43,4
2,5,54,48,2
2,5,55,67,4
2,5,56,12,3
2,5,57,25,2
2,5,58,80,2
2,5,59,46,3
2,5,60,72,4
2,6,1,74,2
2,6,2,88,3
2,6,3,36,1
2,6,4,31,2
2,6,5,27,4
2,6,6,18,2
2,6,7,30,4
2,6,8,71,4
2,6,9,8,3
2,6,10,7,3
2,6,11,90,1
2,6,12,19,4
2,6,13,45,4
2,6,14,17,2
2,6,15,87,2
2,6,16,49,1
2,6,17,65,3
2,6,18,3,4
2,6,19,61,2
2,6,20,44,2
2,6,21,40,3
2,6,22,5,4
2,6,23,11,4
2,6,24,82,1
2,6,25,62,2
2,6,26,4,2
2,6,27,77,1
2,6,28,13,2
2,6,29,93,1
2,6,30,70,1
2,6,31,84,4
2,6,32,9,4
2,6,33,86,1
2,6,34,92,2
2,6,35,59,1
2,6,36,42,3
2,6,37,1,1
2,6,38,95,3
2,6,39,6,2
2,6,40,2,3
2,6,40,88,4
2,6,41,57,2
2,6,42,16,4
2,6,43,51,3
2,6,44,26,3
2,6,45,89,4
2,6,46,32,1
2,6,47,68,2
2,6,48,56,1
2,6,49,2,1
2,6,50,50,3
2,6,51,32,3
2,6,52,41,4
2,6,53,86,1
2,6,54,36,1
2,6,55,57,2
2,6,56,71,3
2,6,57,85,2
2,6,58,82,4
2,6,59,21,4
2,6,60,19,2
2,7,1,60,4
2,7,2,59,4
2,7,3,16,2
2,7,4,87,1
2,7,5,45,1
2,7,6,74,1
2,7,7,44,1
2,7,8,73,2
2,7,9,63,2
2,7,10,30,3
2,7,11,47,2
2,7,12,58,4
2,7,13,20,3
2,7,14,42,2
2,7,15,43,4
2,7,16,11,4
2,7,17,90,2
2,7,18,68,4
2,7,19,31,2
2,7,20,3,2
2,7,21,62,1
2,7,22,51,4
2,7,23,79,3
2,7,24,76,4
2,7,25,22,1
2,7,26,56,3
2,7,27,75,1
2,7,28,26,3
2,7,29,67,3
2,7,30,96,3
2,7,31,89,4
2,7,32,5,4
2,7,33,8,4
2,7,34,6,2
2,7,35,55,3
2,7,36,17,2
2,7,37,24,4
2,7,38,39,2
2,7,39,80,2
2,7,40,38,4
2,7,41,28,4
2,7,42,9,1
2,7,43,77,3
2,7,44,10,4
2,7,45,66,3
2,7,46,46,3
2,7,47,94,4
2,7,48,33,3
2,7,49,27,4
2,7,50,48,3
2,7,51,54,4
2,7,52,37,1
2,7,53,93,2
2,7,54,81,2
2,7,55,18,2
2,7,56,64,2
2,7,57,92,2
2,7,58,83,3
2,7,59,23,2
2,7,60,72,1
30,1,1,1,2
30,1,2,14,2
30,1,3,2,2
30,1,4,11,4
30,1,5,10,4
30,1,6,9,2
30,1,7,5,2
30,1,8,23,1
30,1,9,13,4
30,1,10,19,1
30,1,11,3,2
30,1,12,22,3
30,1,13,7,1
30,1,14,8,3
30,1,15,24,3
30,1,16,15,2
30,1,17,21,1
30,1,18,20,2
30,1,19,12,4
30,1,20,6,4
30,1,21,16,3
30,1,22,17,2
30,1,23,18,1
30,1,24,4,2
30,2,1,81,2
30,2,2,42,2
30,2,3,56,4
30,2,4,4,1
30,2,5,85,1
30,2,6,23,4
30,2,7,13,3
30,2,8,18,4
30,2,9,45,1
30,2,10,92,2
30,2,11,14,4
30,2,12,90,4
30,2,13,54,1
30,2,14,57,3
30,2,15,93,3
30,2,16,69,3
30,2,17,64,1
30,2,18,1,4
30,2,19,38,4
30,2,20,28,2
30,2,21,3,4
30,2,22,67,4
30,2,23,95,1
30,2,24,32,3
30,2,25,37,4
30,2,26,50,3
30,2,27,6,2
30,2,28,40,4
30,2,29,86,3
30,2,30,33,3
30,2,31,9,1
30,2,32,63,2
30,2,33,35,3
30,2,34,39,3
30,2,35,36,1
30,2,36,76,1
30,2,37,16,1
30,2,38,87,1
30,2,39,11,2
30,2,40,68,1
30,2,41,70,1
30,2,42,59,2
30,2,43,55,1
30,2,44,52,1
30,2,45,78,2
30,2,46,89,3
30,2,47,74,3
30,2,48,21,4
30,2,49,96,1
30,2,50,47,4
30,2,51,77,3
30,2,52,75,1
30,2,53,66,2
30,2,54,31,3
30,2,55,15,1
30,2,56,10,2
30,2,57,17,1
30,2,58,20,2
30,2,59,46,2
30,2,60,84,3
30,3,1,44,2
30,3,2,43,1
30,3,3,61,3
30,3,4,30,2
30,3,5,88,1
30,3,6,62,4
30,3,7,34,1
30,3,8,29,3
30,3,9,94,4
30,3,10,91,4
30,3,11,58,4
30,3,12,27,1
30,3,13,82,3
30,3,14,72,2
30,3,15,19,1
30,3,16,8,4
30,3,17,24,2
30,3,18,65,1
30,3,19,25,2
30,3,20,48,4
30,3,21,2,3
30,3,21,88,4
30,3,22,51,4
30,3,23,12,1
30,3,24,71,2
30,3,25,22,3
30,3,26,80,2
30,3,27,7,1
30,3,28,83,3
30,3,29,53,1
30,3,30,41,2
30,3,31,79,1
30,3,32,26,3
30,3,33,49,2
30,3,34,73,2
30,3,35,5,3
30,3,36,60,2
30,3,37,58,4
30,3,38,40,1
30,3,39,71,1
30,3,40,13,2
30,3,41,30,4
30,3,42,31,2
30,3,43,60,4
30,3,44,46,1
30,3,45,65,2
30,3,46,19,2
30,3,47,28,4
30,3,48,44,4
30,3,49,59,2
30,3,50,87,3
30,3,51,42,4
30,3,52,83,1
30,3,53,89,2
30,3,54,17,4
30,3,55,23,1
30,3,56,1,4
30,3,57,21,3
30,3,58,93,3
30,3,59,52,2
30,3,60,34,2
30,4,1,39,2
30,4,2,70,4
30,4,3,66,4
30,4,4,88,2
30,4,5,62,3
30,4,6,54,2
30,4,7,75,4
30,4,8,35,3
30,4,9,92,1
30,4,10,72,3
30,4,11,7,2
30,4,12,16,2
30,4,13,10,3
30,4,14,68,3
30,4,15,29,2
30,4,16,81,1
30,4,17,33,4
30,4,18,80,1
30,4,19,32,3
30,4,20,77,4
30,4,21,37,4
30,4,22,53,2
30,4,23,50,3
30,4,24,57,2
30,4,25,67,4
30,4,26,45,1
30,4,27,76,4
30,4,28,8,4
30,4,29,4,3
30,4,30,55,4
30,4,31,5,2
30,4,32,6,3
30,4,33,82,2
30,4,34,78,4
30,4,35,11,3
30,4,36,61,1
30,4,37,18,4
30,4,38,64,4
30,4,39,36,1
30,4,40,69,4
30,4,41,41,4
30,4,42,22,4
30,4,43,73,1
30,4,44,96,4
30,4,45,85,4
30,4,46,14,2
30,4,47,43,1
30,4,48,20,2
30,4,49,26,1
30,4,50,15,3
30,4,51,49,3
30,4,52,79,3
30,4,53,90,2
30,4,54,38,4
30,4,55,56,1
30,4,56,2,4
30,4,57,95,1
30,4,58,25,2
30,4,59,24,1
30,4,60,9,4
30,5,1,84,1
30,5,2,47,3
30,5,3,12,3
30,5,4,51,1
30,5,5,86,3
30,5,6,91,4
30,5,7,3,2
30,5,8,48,2
30,5,9,63,3
30,5,10,27,4
30,5,11,94,3
30,5,12,74,1
30,5,13,31,3
30,5,14,77,1
30,5,15,61,3
30,5,16,74,4
30,5,17,6,2
30,5,18,93,1
30,5,19,68,2
30,5,20,38,1
30,5,21,91,3
30,5,22,37,3
30,5,23,26,2
30,5,24,17,4
30,5,25,16,1
30,5,26,46,1
30,5,27,86,3
30,5,28,58,3
30,5,29,95,1
30,5,30,39,4
30,5,31,11,2
30,5,32,40,2
30,5,33,84,1
30,5,34,67,3
30,5,35,20,1
30,5,36,71,3
30,5,37,7,3
30,5,38,80,1
30,5,39,50,2
30,5,40,48,3
30,5,41,15,1
30,5,42,64,1
30,5,43,19,2
30,5,44,2,3
30,5,44,88,4
30,5,45,5,3
30,5,46,49,2
30,5,47,66,3
30,5,48,10,1
30,5,49,55,2
30,5,50,70,1
30,5,51,13,3
30,5,52,34,1
30,5,53,69,1
30,5,54,83,3
30,5,55,4,1
30,5,56,89,3
30,5,57,9,1
30,5,58,43,1
30,5,59,3,4
30,5,60,29,4
30,6,1,73,2
30,6,2,18,1
30,6,3,24,1
30,6,4,53,1
30,6,5,59,4
30,6,6,41,4
30,6,7,42,1
30,6,8,96,3
30,6,9,27,2
30,6,10,25,4
30,6,11,12,1
30,6,12,75,1
30,6,13,57,4
30,6,14,76,4
30,6,15,28,4
30,6,16,47,3
30,6,17,30,2
30,6,18,87,1
30,6,19,45,1
30,6,20,81,3
30,6,21,56,2
30,6,22,22,2
30,6,23,23,1
30,6,24,90,3
30,6,25,92,2
30,6,26,51,1
30,6,27,44,1
30,6,28,94,2
30,6,29,78,3
30,6,30,21,3
30,6,31,35,2
30,6,32,52,2
31,1,1,1,3
31,1,2,10,4
31,1,3,24,1
31,1,4,23,3
31,1,5,5,1
31,1,6,21,3
31,1,7,3,4
31,1,8,8,3
31,1,9,16,4
31,1,10,22,3
31,1,11,20,2
31,1,12,9,3
31,1,13,2,4
31,1,14,17,3
31,1,15,13,4
31,1,16,7,2
31,1,17,4,2
31,1,18,14,2
31,1,19,6,2
31,1,20,19,3
31,1,21,12,3
31,1,22,18,2
31,1,23,11,3
31,1,24,15,2
31,2,1,77,1
31,2,2,87,3
31,2,3,26,3
31,2,4,13,3
31,2,5,46,3
31,2,6,70,1
31,2,7,42,4
31,2,8,62,1
31,2,9,9,1
31,2,10,8,4
31,2,11,83,2
31,2,12,82,1
31,2,13,48,2
31,2,14,7,1
31,2,15,2,2
31,2,16,78,1
31,2,17,66,3
31,2,18,4,4
31,2,19,1,2
31,2,20,20,3
31,2,21,37,1
31,2,22,11,3
31,2,23,59,4
31,2,24,67,4
31,2,25,29,3
31,2,26,18,1
31,2,27,6,2
31,2,28,60,4
31,2,29,68,3
31,2,30,96,2
31,2,31,27,4
31,2,32,76,3
31,2,33,10,3
31,2,34,73,1
31,2,35,56,4
31,2,36,21,4
31,2,37,71,4
31,2,38,86,4
31,2,39,32,2
31,2,40,36,3
31,2,41,3,3
31,2,42,31,2
31,2,43,75,3
31,2,44,49,2
31,2,45,15,3
31,2,46,34,3
31,2,47,84,2
31,2,48,74,2
31,2,49,55,4
31,2,50,25,1
31,2,51,47,3
31,2,52,85,3
31,2,53,88,3
31,2,54,35,4
31,2,55,54,2
31,2,56,72,2
31,2,57,93,3
31,2,58,28,4
31,2,59,43,1
31,2,60,50,2
31,3,1,16,2
31,3,2,45,3
31,3,3,53,3
31,3,4,81,2
31,3,5,63,3
31,3,6,19,4
31,3,7,41,1
31,3,8,24,1
31,3,9,14,3
31,3,10,64,3
31,3,11,17,4
31,3,12,61,1
31,3,13,95,1
31,3,14,90,1
31,3,15,92,4
31,3,16,40,3
31,3,17,80,3
31,3,18,44,3
31,3,19,12,4
31,3,20,38,1
31,3,21,23,3
31,3,22,51,4
31,3,23,65,2
31,3,24,33,2
31,3,25,94,4
31,3,26,22,2
31,3,27,91,2
31,3,28,39,3
31,3,29,79,3
31,3,30,58,4
31,3,31,30,3
31,3,32,5,2
31,3,33,89,4
31,3,34,69,4
31,3,35,52,2
31,3,36,57,4
31,3,37,6,4
31,3,38,96,2
31,3,39,34,3
31,3,40,43,3
31,3,41,63,4
31,3,42,83,1
31,3,43,32,4
31,3,44,11,1
31,3,45,72,4
31,3,46,50,1
31,3,47,15,3
31,3,48,21,4
31,3,49,93,4
31,3,50,19,2
31,3,51,58,2
31,3,52,61,2
31,3,53,33,4
31,3,54,88,3
31,3,55,37,2
31,3,56,91,3
31,3,57,85,4
31,3,58,70,4
31,3,59,1,2
31,3,60,28,1
31,4,1,4,2
31,4,2,49,3
31,4,3,24,2
31,4,4,71,4
31,4,5,95,2
31,4,6,14,1
31,4,7,56,3
31,4,8,65,1
31,4,9,74,2
31,4,10,62,4
31,4,11,75,4
31,4,12,76,2
31,4,13,44,4
31,4,14,92,3
31,4,15,23,1
31,4,16,45,3
31,4,17,77,1
31,4,18,73,2
31,4,19,39,1
31,4,20,57,3
31,4,21,60,3
31,4,22,40,3
31,4,23,47,3
31,4,24,55,2
31,4,25,81,3
31,4,26,27,4
31,4,27,35,2
31,4,28,82,3
31,4,29,94,4
31,4,30,18,2
31,4,31,52,4
31,4,32,69,3
31,4,33,8,3
31,4,34,79,4
31,4,35,67,4
31,4,36,89,4
31,4,37,16,1
31,4,38,84,4
31,4,39,42,1
31,4,40,66,3
31,4,41,86,2
31,4,42,7,2
31,4,43,5,2
31,4,44,2,1
31,4,45,68,2
31,4,46,59,3
31,4,47,87,1
31,4,48,9,4
31,4,49,29,1
31,4,50,31,1
31,4,51,20,3
31,4,52,48,3
31,4,53,78,3
31,4,54,80,3
31,4,55,46,3
31,4,56,12,4
31,4,57,64,1
31,4,58,13,3
31,4,59,17,2
31,4,60,53,4
31,5,1,90,4
31,5,2,10,1
31,5,3,54,3
31,5,4,30,3
31,5,5,26,4
31,5,6,41,3
31,5,7,22,2
31,5,8,51,1
31,5,9,3,3
31,5,10,38,1
31,5,11,25,1
31,5,12,36,4
31,5,13,58,4
31,5,14,66,2
31,5,15,34,3
31,5,16,11,4
31,5,17,8,1
31,5,18,4,3
31,5,19,5,4
31,5,20,2,3
31,5,20,88,4
31,5,21,33,1
31,5,22,6,3
31,5,23,83,1
31,5,24,1,4
31,5,25,17,2
31,5,26,59,1
31,5,27,52,2
31,5,28,36,3
31,5,29,21,4
31,5,30,79,2
31,5,31,2,2
31,5,32,10,2
31,5,33,7,2
31,5,34,70,4
31,5,35,22,2
31,5,36,39,3
31,5,37,55,2
31,5,38,45,3
31,5,39,76,3
31,5,40,54,3
31,5,41,67,4
31,5,42,26,4
31,5,43,96,2
31,5,44,61,2
31,5,45,65,4
31,5,46,94,1
31,5,47,78,2
31,5,48,69,2
31,5,49,91,1
31,5,50,23,3
31,5,51,77,1
31,5,52,38,4
31,5,53,27,4
31,5,54,35,2
31,5,55,46,3
31,5,56,49,2
31,5,57,31,2
31,5,58,44,2
31,5,59,30,4
31,5,60,56,2
31,6,1,73,3
31,6,2,9,1
31,6,3,32,4
31,6,4,90,2
31,6,5,86,2
31,6,6,13,2
31,6,7,71,3
31,6,8,93,2
31,6,9,28,4
31,6,10,53,1
31,6,11,89,4
31,6,12,85,4
31,6,13,92,4
31,6,14,95,2
31,6,15,84,3
31,6,16,14,3
31,6,17,87,2
31,6,18,48,1
31,6,19,40,4
31,6,20,82,4
31,6,21,41,3
31,6,22,72,1
31,6,23,47,2
31,6,24,63,2
31,6,25,81,2
31,6,26,19,1
31,6,27,43,2
31,6,28,12,3
31,6,29,15,1
31,6,30,18,3
31,6,31,42,2
31,6,32,16,2
31,6,33,80,1
31,6,34,60,2
31,6,35,64,4
31,6,36,29,2
31,6,37,68,1
31,6,38,74,2
31,6,39,51,3
31,6,40,50,1
31,6,41,3,4
31,6,42,20,3
31,6,43,75,4
31,6,44,57,1
31,6,45,37,1
31,6,46,62,2
31,6,47,25,2
31,6,48,24,2
31,6,49,14,2
31,6,50,13,3
31,6,51,68,2
31,6,52,85,2
31,6,53,94,1
31,6,54,96,2
31,6,55,4,2
31,6,56,35,2
31,6,57,84,1
31,6,58,66,1
31,6,59,7,4
31,6,60,32,3
31,7,1,86,1
31,7,2,52,1
31,7,3,71,4
31,7,4,80,1
31,7,5,44,4
31,7,6,33,2
31,7,7,91,1
31,7,8,38,2
31,7,9,59,4
31,7,10,23,3
31,7,11,58,4
31,7,12,60,3
31,7,13,95,3
31,7,14,21,3
31,7,15,54,4
31,7,16,39,3
31,7,17,6,3
31,7,18,64,3
31,7,19,78,3
31,7,20,27,4
31,7,21,47,4
31,7,22,75,3
31,7,23,74,3
31,7,24,19,4
31,7,25,10,3
31,7,26,2,1
31,7,27,73,3
31,7,28,65,4
31,7,29,31,3
31,7,30,8,3
31,7,31,56,1
31,7,32,40,3
31,7,33,11,2
31,7,34,62,3
31,7,35,61,3
31,7,36,89,2
31,7,37,53,1
31,7,38,16,1
31,7,39,22,4
31,7,40,15,3
31,7,41,57,4
31,7,42,93,1
31,7,43,79,3
31,7,44,67,2
31,7,45,20,3
31,7,46,43,4
31,7,47,9,2
31,7,48,41,3
31,7,49,55,4
31,7,50,49,1
31,7,51,29,1
31,7,52,46,2
31,7,53,92,3
31,7,54,1,2
31,7,55,17,4
31,7,56,87,2
31,7,57,3,4
31,7,58,63,1
31,7,59,42,4
31,7,60,48,3
32,1,1,6,1
32,1,2,21,2
32,1,3,18,2
32,1,4,15,1
32,1,5,4,3
32,1,6,11,3
32,1,7,3,1
32,1,8,19,3
32,1,9,14,1
32,1,10,7,1
32,1,11,17,3
32,1,12,2,1
32,1,13,22,3
32,1,14,23,3
32,1,15,24,1
32,1,16,5,3
32,1,17,12,1
32,1,18,13,3
32,1,19,20,3
32,1,20,8,3
32,1,21,16,2
32,1,22,9,1
32,1,23,10,4
32,1,24,1,2
32,2,1,38,2
32,2,2,19,1
32,2,3,16,2
32,2,4,89,4
32,2,5,34,2
32,2,6,67,1
32,2,7,46,4
32,2,8,41,3
32,2,9,48,4
32,2,10,9,2
32,2,11,70,4
32,2,12,94,4
32,2,13,17,2
32,2,14,87,4
32,2,15,90,1
32,2,16,51,2
32,2,17,61,3
32,2,18,74,2
32,2,19,5,3
32,2,20,84,4
32,2,21,73,2
32,2,22,82,2
32,2,23,71,4
32,2,24,57,2
32,2,25,42,2
32,2,26,15,4
32,2,27,2,4
32,2,28,25,2
32,2,29,43,2
32,2,30,1,4
32,2,31,60,1
32,2,32,86,4
32,2,33,50,2
32,2,34,72,1
32,2,35,53,4
32,2,36,31,4
32,2,37,88,3
32,2,38,79,2
32,2,39,49,4
32,2,40,7,4
32,2,41,65,4
32,2,42,80,1
32,2,43,10,4
32,2,44,85,2
32,2,45,64,4
32,2,46,27,1
32,2,47,26,1
32,2,48,81,4
32,2,49,55,2
32,2,50,28,4
32,2,51,13,3
32,2,52,47,3
32,2,53,37,1
32,2,54,93,4
32,2,55,40,4
32,2,56,77,4
32,2,57,20,1
32,2,58,14,3
32,2,59,54,3
32,2,60,30,4
32,3,1,76,3
32,3,2,83,4
32,3,3,95,2
32,3,4,52,1
32,3,5,66,2
32,3,6,96,3
32,3,7,22,2
32,3,8,62,2
32,3,9,75,1
32,3,10,36,2
32,3,11,59,2
32,3,12,39,4
32,3,13,45,3
32,3,14,18,1
32,3,15,8,2
32,3,16,3,2
32,3,17,23,2
32,3,18,92,4
32,3,19,11,4
32,3,20,12,3
32,3,21,24,3
32,3,22,68,2
32,3,23,29,3
32,3,24,63,3
32,3,25,6,4
32,3,26,56,3
32,3,27,78,1
32,3,28,44,4
32,3,29,33,3
32,3,30,58,1
32,3,31,91,3
32,3,32,4,2
32,3,33,69,1
32,3,34,35,2
32,3,35,21,3
32,3,36,32,4
32,3,37,21,3
32,3,38,5,3
32,3,39,82,2
32,3,40,38,4
32,3,41,51,2
32,3,42,73,4
32,3,43,18,2
32,3,44,9,1
32,3,45,44,4
32,3,46,72,4
32,3,47,79,4
32,3,48,96,3
32,3,49,27,2
32,3,50,45,3
32,3,51,68,2
32,3,52,13,2
32,3,53,69,4
32,3,54,49,2
32,3,55,33,4
32,3,56,7,1
32,3,57,87,3
32,3,58,86,1
32,3,59,93,2
32,3,60,35,4
32,4,1,43,2
32,4,2,66,2
32,4,3,54,3
32,4,4,55,1
32,4,5,84,1
32,4,6,76,3
32,4,7,52,4
32,4,8,78,3
32,4,9,50,3
32,4,10,60,4
32,4,11,8,2
32,4,12,10,1
32,4,13,34,1
32,4,14,29,1
32,4,15,63,2
32,4,16,74,4
32,4,17,80,2
32,4,18,25,1
32,4,19,2,2
32,4,20,77,1
32,4,21,30,3
32,4,22,94,1
32,4,23,85,2
32,4,24,12,3
32,4,25,37,3
32,4,26,88,1
32,4,27,28,1
32,4,28,83,2
32,4,29,61,1
32,4,30,53,2
32,4,31,11,2
32,4,32,58,3
32,4,33,17,3
32,4,34,92,2
32,4,35,39,3
32,4,36,41,1
32,4,37,70,2
32,4,38,15,2
32,4,39,19,2
32,4,40,24,1
32,4,41,62,3
32,4,42,56,3
32,4,43,91,1
32,4,44,42,1
32,4,45,14,1
32,4,46,3,4
32,4,47,64,2
32,4,48,57,2
32,4,49,71,4
32,4,50,22,4
32,4,51,36,3
32,4,52,81,3
32,4,53,4,2
32,4,54,95,1
32,4,55,26,1
32,4,56,32,4
32,4,57,40,2
32,4,58,46,2
32,4,59,31,3
32,4,60,67,4
32,5,1,75,1
32,5,2,47,4
32,5,3,65,4
32,5,4,48,2
32,5,5,1,2
32,5,6,23,3
32,5,7,59,4
32,5,8,90,2
32,5,9,20,4
32,5,10,89,4
32,5,11,16,2
32,5,12,6,4
32,5,13,61,3
32,5,14,31,1
32,5,15,89,1
32,5,16,60,4
32,5,17,43,4
32,5,18,28,4
32,5,19,8,3
32,5,20,23,2
32,5,21,73,3
32,5,22,59,2
32,5,23,12,1
32,5,24,63,3
32,5,25,34,1
32,5,26,49,2
32,5,27,45,4
32,5,28,54,2
32,5,29,4,3
32,5,30,50,1
32,5,31,85,2
32,5,32,19,4
32,5,33,40,3
32,5,34,39,3
32,5,35,62,2
32,5,36,80,2
32,5,37,79,1
32,5,38,94,4
32,5,39,87,1
32,5,40,75,4
32,5,41,21,4
32,5,42,52,1
32,5,43,20,2
32,5,44,27,2
32,5,45,29,3
32,5,46,38,3
32,5,47,71,4
32,5,48,76,3
32,5,49,36,2
32,5,50,51,3
32,5,51,15,3
32,5,52,88,2
32,5,53,56,3
32,5,54,65,2
32,5,55,77,3
32,5,56,42,3
32,5,57,57,2
32,5,58,96,2
32,5,59,9,4
32,5,60,2,2
32,6,1,55,2
32,6,2,33,2
32,6,3,6,4
32,6,4,72,3
32,6,5,44,3
32,6,6,58,2
32,6,7,90,3
32,6,8,74,1
32,6,9,22,1
32,6,10,46,2
32,6,11,92,3
32,6,12,30,3
32,6,13,41,3
32,6,14,47,2
32,6,15,84,4
32,6,16,53,1
32,6,17,35,2
32,6,18,17,3
32,6,19,64,4
32,6,20,37,1
32,6,21,26,3
32,6,22,13,3
32,6,23,82,1
32,6,24,91,1
32,6,25,48,2
32,6,26,83,1
32,6,27,1,3
32,6,28,32,3
32,6,29,69,1
32,6,30,66,3
32,6,31,24,4
32,6,32,18,2
32,6,33,95,3
32,6,34,14,2
32,6,35,25,4
32,6,36,70,1
32,6,37,67,2
32,6,38,86,1
32,6,39,78,2
32,6,40,5,4
32,6,41,93,1
32,6,42,11,2
32,6,43,3,3
32,6,44,10,4
32,6,45,7,1
32,6,46,16,2
32,6,47,81,3
32,6,48,68,2
32,6,49,8,4
32,6,50,2,1
32,6,51,36,1
32,6,52,34,3
32,6,53,21,4
32,6,54,19,2
32,6,55,70,2
32,6,56,68,4
32,6,57,28,2
32,6,58,29,1
32,6,59,17,4
32,6,60,33,2
32,7,1,10,1
32,7,2,91,3
32,7,3,81,2
32,7,4,86,1
32,7,5,3,1
32,7,6,71,3
32,7,7,76,1
32,7,8,41,3
32,7,9,15,2
32,7,10,54,4
32,7,11,27,1
32,7,12,67,1
32,7,13,73,4
32,7,14,22,1
32,7,15,69,2
32,7,16,56,3
32,7,17,52,3
32,7,18,40,2
32,7,19,49,4
32,7,20,96,2
32,7,21,7,2
32,7,22,32,2
32,7,23,45,4
32,7,24,5,2
32,7,25,42,4
32,7,26,61,2
32,7,27,65,2
32,7,28,31,2
32,7,29,94,2
32,7,30,26,3
32,7,31,80,2
32,7,32,44,1
32,7,33,37,4
32,7,34,43,3
32,7,35,13,3
32,7,36,23,4
32,7,37,35,2
32,7,38,77,3
32,7,39,12,4
32,7,40,87,3
32,7,41,50,1
32,7,42,79,3
32,7,43,59,4
32,7,44,6,2
32,7,45,18,1
32,7,46,83,4
32,7,47,25,2
32,7,48,58,2
32,7,49,20,1
32,7,50,92,3
32,7,51,82,2
32,7,52,14,3
32,7,53,57,2
32,7,54,95,3
32,7,55,75,1
32,7,56,90,3
32,7,57,4,1
32,7,58,55,2
32,7,59,48,4
32,7,60,63,4
33,1,1,1,3
33,1,2,4,4
33,1,3,23,1
33,1,4,20,3
33,1,5,11,2
33,1,6,8,3
33,1,7,21,3
33,1,8,9,2
33,1,9,24,1
33,1,10,10,1
33,1,11,5,4
33,1,12,18,2
33,1,13,22,3
33,1,14,19,2
33,1,15,6,3
33,1,16,2,2
33,1,17,7,2
33,1,18,12,4
33,1,19,13,4
33,1,20,16,2
33,1,21,3,3
33,1,22,14,2
33,1,23,17,1
33,1,24,15,2
33,2,1,96,3
33,2,2,85,4
33,2,3,37,3
33,2,4,24,2
33,2,5,82,1
33,2,6,90,3
33,2,7,53,4
33,2,8,49,1
33,2,9,31,1
33,2,10,12,1
33,2,11,14,1
33,2,12,77,3
33,2,13,35,4
33,2,14,28,1
33,2,15,87,1
33,2,16,38,2
33,2,17,16,1
33,2,18,8,3
33,2,19,30,4
33,2,20,39,3
33,2,21,3,4
33,2,22,40,4
33,2,23,64,2
33,2,24,92,2
33,2,25,47,3
33,2,26,17,3
33,2,27,11,1
33,2,28,6,2
33,2,29,60,2
33,2,30,95,3
33,2,31,74,3
33,2,32,7,3
33,2,33,9,3
33,2,34,51,1
33,2,35,23,4
33,2,36,33,3
33,2,37,26,4
33,2,38,34,3
33,2,39,67,2
33,2,40,27,1
33,2,41,54,3
33,2,42,59,1
33,2,43,76,3
33,2,44,15,2
33,2,45,80,2
33,2,46,91,2
33,2,47,89,4
33,2,48,68,4
33,2,49,42,2
33,2,50,13,1
33,2,51,19,2
33,2,52,72,4
33,2,53,84,4
33,2,54,44,2
33,2,55,81,1
33,2,56,10,1
33,2,57,88,2
33,2,58,22,2
33,2,59,32,1
33,2,60,43,2
33,3,1,57,2
33,3,2,94,2
33,3,3,61,2
33,3,4,86,4
33,3,5,62,2
33,3,6,1,3
33,3,7,36,3
33,3,8,52,2
33,3,9,70,2
33,3,10,93,2
33,3,11,56,1
33,3,12,5,1
33,3,13,4,1
33,3,14,78,1
33,3,15,83,1
33,3,16,75,2
33,3,17,18,1
33,3,18,48,1
33,3,19,29,3
33,3,20,71,4
33,3,21,25,4
33,3,22,73,2
33,3,23,45,2
33,3,24,46,3
33,3,25,79,2
33,3,26,66,4
33,3,27,20,1
33,3,28,63,2
33,3,29,41,1
33,3,30,50,1
33,3,31,65,4
33,3,32,58,3
33,3,33,69,1
33,3,34,2,4
33,3,35,55,3
33,3,36,21,4
33,3,37,22,2
33,3,38,93,2
33,3,39,46,2
33,3,40,72,2
33,3,41,62,1
33,3,42,51,4
33,3,43,85,2
33,3,44,71,4
33,3,45,25,1
33,3,46,69,3
33,3,47,57,1
33,3,48,7,3
33,3,49,28,3
33,3,50,16,1
33,3,51,24,4
33,3,52,29,1
33,3,53,11,3
33,3,54,43,2
33,3,55,67,4
33,3,56,54,2
33,3,57,2,3
33,3,57,88,4
33,3,58,30,1
33,3,59,15,2
33,3,60,13,4
33,4,1,17,3
33,4,2,87,1
33,4,3,92,2
33,4,4,91,3
33,4,5,79,2
33,4,6,35,3
33,4,7,21,4
33,4,8,48,2
33,4,9,39,4
33,4,10,12,1
33,4,11,4,3
33,4,12,9,4
33,4,13,23,1
33,4,14,31,2
33,4,15,18,4
33,4,16,10,1
33,4,17,94,4
33,4,18,56,2
33,4,19,50,1
33,4,20,41,4
33,4,21,80,2
33,4,22,6,1
33,4,23,76,3
33,4,24,63,4
33,4,25,3,3
33,4,26,86,4
33,4,27,58,4
33,4,28,1,4
33,4,29,82,1
33,4,30,90,2
33,4,31,26,4
33,4,32,37,3
33,4,33,32,4
33,4,34,68,2
33,4,35,61,3
33,4,36,53,2
33,4,37,52,3
33,4,38,81,3
33,4,39,59,4
33,4,40,36,3
33,4,41,64,2
33,4,42,20,3
33,4,43,77,1
33,4,44,45,1
33,4,45,95,1
33,4,46,44,1
33,4,47,8,4
33,4,48,42,3
33,4,49,14,3
33,4,50,73,3
33,4,51,19,3
33,4,52,88,1
33,4,53,60,2
33,4,54,27,4
33,4,55,66,2
33,4,56,70,1
33,4,57,89,1
33,4,58,34,1
33,4,59,75,3
33,4,60,5,3
33,5,1,40,3
33,5,2,74,2
33,5,3,84,3
33,5,4,65,1
33,5,5,96,3
33,5,6,83,2
33,5,7,55,1
33,5,8,49,2
33,5,9,33,4
33,5,10,47,3
33,5,11,38,4
33,5,12,78,3
33,5,13,10,4
33,5,14,56,1
33,5,15,46,2
33,5,16,6,4
33,5,17,85,2
33,5,18,28,4
33,5,19,64,2
33,5,20,38,2
33,5,21,20,3
33,5,22,87,1
33,5,23,71,3
33,5,24,62,3
33,5,25,83,4
33,5,26,7,1
33,5,27,5,4
33,5,28,41,2
33,5,29,23,4
33,5,30,93,4
33,5,31,24,1
33,5,32,84,1
33,5,33,17,2
33,5,34,70,2
33,5,35,30,3
33,5,36,81,3
33,5,37,37,2
33,5,38,27,1
33,5,39,25,2
33,5,40,48,3
33,5,41,9,4
33,5,42,60,1
33,5,43,74,4
33,5,44,57,2
33,5,45,8,4
33,5,46,95,1
33,5,47,55,2
33,5,48,31,3
33,5,49,40,2
33,5,50,15,4
33,5,51,80,2
33,5,52,43,1
33,5,53,52,1
33,5,54,4,4
33,5,55,49,3
33,5,56,75,3
33,5,57,51,3
33,5,58,92,4
33,5,59,73,2
33,5,60,11,1
33,6,1,19,4
33,6,2,89,2
33,6,3,21,1
33,6,4,3,4
33,6,5,14,3
33,6,6,58,2
33,6,7,54,1
33,6,8,42,3
33,6,9,26,3
33,6,10,68,1
33,6,11,91,1
33,6,12,29,3
33,6,13,69,1
33,6,14,82,4
33,6,15,94,4
33,6,16,47,1
33,6,17,22,3
33,6,18,66,3
33,6,19,35,2
33,6,20,65,1
33,6,21,78,1
33,6,22,45,1
33,6,23,36,2
33,6,24,77,3
33,6,25,2,3
33,6,25,88,4
33,6,26,32,4
33,6,27,61,3
33,6,28,12,3
33,6,29,18,1
33,6,30,44,4
33,6,31,90,1
33,6,32,50,4
33,6,33,76,1
33,6,34,86,3
33,6,35,96,3
33,6,36,72,3
33,6,37,39,3
33,6,38,59,1
33,6,39,67,4
33,6,40,13,2
33,6,41,34,3
33,6,42,79,1
33,6,43,63,1
33,6,44,88,1
33,6,45,16,1
33,6,46,1,2
33,6,47,53,2
33,6,48,33,3
33,6,49,2,3
33,6,49,88,4
33,6,50,44,1
33,6,51,19,3
33,6,52,55,4
33,6,53,41,1
33,6,54,94,1
33,6,55,46,3
33,6,56,3,4
33,6,57,34,2
33,6,58,15,3
33,6,59,73,1
33,6,60,12,1
33,7,1,20,3
33,7,2,76,4
33,7,3,67,4
33,7,4,11,2
33,7,5,61,4
33,7,6,71,4
33,7,7,66,2
33,7,8,77,1
33,7,9,16,2
33,7,10,37,4
33,7,11,49,1
33,7,12,59,2
33,7,13,24,1
33,7,14,82,2
33,7,15,70,3
33,7,16,9,2
33,7,17,84,4
33,7,18,53,2
33,7,19,38,3
33,7,20,43,4
33,7,21,89,2
33,7,22,57,2
33,7,23,52,2
33,7,24,64,2
33,7,25,5,4
33,7,26,13,2
33,7,27,95,1
33,7,28,68,1
33,7,29,10,4
33,7,30,25,1
33,7,31,91,3
33,7,32,21,1
33,7,33,28,1
33,7,34,48,1
33,7,35,56,1
33,7,36,63,1
33,7,37,79,3
33,7,38,92,1
33,7,39,1,2
33,7,40,8,2
33,7,41,26,3
33,7,42,33,2
33,7,43,17,3
33,7,44,32,1
33,7,45,50,2
33,7,46,23,1
33,7,47,22,2
33,7,48,87,3
33,7,49,58,2
33,7,50,4,1
33,7,51,14,4
33,7,52,80,2
33,7,53,36,3
33,7,54,96,2
33,7,55,90,2
33,7,56,42,2
33,7,57,29,3
33,7,58,65,1
33,7,59,2,3
33,7,59,88,4
33,7,60,93,2
34,1,1,11,4
34,1,2,7,4
34,1,3,18,1
34,1,4,12,3
34,1,5,8,3
34,1,6,10,1
34,1,7,21,2
34,1,8,15,2
34,1,9,19,3
34,1,10,16,4
34,1,11,2,2
34,1,12,9,1
34,1,13,14,3
34,1,14,4,1
34,1,15,23,2
34,1,16,24,4
34,1,17,13,2
34,1,18,22,3
34,1,19,1,3
34,1,20,6,4
34,1,21,20,2
34,1,22,17,4
34,1,23,3,2
34,1,24,5,3
34,2,1,8,3
34,2,2,11,1
34,2,3,67,3
34,2,4,50,4
34,2,5,71,3
34,2,6,81,2
34,2,7,38,2
34,2,8,47,1
34,2,9,23,4
34,2,10,6,1
34,2,11,35,3
34,2,12,87,2
34,2,13,19,4
34,2,14,26,1
34,2,15,22,2
34,2,16,24,3
34,2,17,49,4
34,2,18,10,1
34,2,19,45,4
34,2,20,95,4
34,2,21,17,2
34,2,22,18,2
34,2,23,68,4
34,2,24,14,3
34,2,25,5,1
34,2,26,83,1
34,2,27,33,2
34,2,28,52,1
34,2,29,89,2
34,2,30,70,3
34,2,31,44,4
34,2,32,2,2
34,2,33,65,3
34,2,34,21,2
34,2,35,36,4
34,2,36,63,1
34,2,37,53,2
34,2,38,85,3
34,2,39,90,2
34,2,40,12,3
34,2,41,27,3
34,2,42,77,3
34,2,43,94,4
34,2,44,37,1
34,2,45,86,4
34,2,46,60,1
34,2,47,31,2
34,2,48,92,1
34,2,49,93,2
34,2,50,43,4
34,2,51,46,1
34,2,52,1,4
34,2,53,72,2
34,2,54,82,2
34,2,55,73,3
34,2,56,80,2
34,2,57,64,4
34,2,58,57,4
34,2,59,15,1
34,2,60,28,4
34,3,1,96,3
34,3,2,13,2
34,3,3,78,4
34,3,4,42,1
34,3,5,62,2
34,3,6,30,3
34,3,7,76,2
34,3,8,51,2
34,3,9,79,2
34,3,10,66,3
34,3,11,74,1
34,3,12,4,4
34,3,13,58,2
34,3,14,3,4
34,3,15,34,3
34,3,16,56,1
34,3,17,7,3
34,3,18,29,2
34,3,19,88,2
34,3,20,48,4
34,3,21,59,1
34,3,22,9,2
34,3,23,16,2
34,3,24,55,4
34,3,25,84,2
34,3,26,91,1
34,3,27,75,3
34,3,28,61,2
34,3,29,32,2
34,3,30,20,3
34,3,31,40,3
34,3,32,41,3
34,3,33,25,1
34,3,34,69,4
34,3,35,39,3
34,3,36,54,1
34,3,37,76,2
34,3,38,26,1
34,3,39,96,2
34,3,40,34,2
34,3,41,24,4
34,3,42,87,1
34,3,43,60,1
34,3,44,10,3
34,3,45,54,3
34,3,46,46,4
34,3,47,13,2
34,3,48,94,3
34,3,49,65,4
34,3,50,47,3
34,3,51,27,3
34,3,52,75,2
34,3,53,88,2
34,3,54,80,2
34,3,55,6,3
34,3,56,31,3
34,3,57,15,2
34,3,58,39,3
34,3,59,48,4
34,3,60,37,3
34,4,1,59,1
34,4,2,42,2
34,4,3,79,3
34,4,4,22,3
34,4,5,2,2
34,4,6,7,4
34,4,7,9,1
34,4,8,71,2
34,4,9,52,4
34,4,10,33,1
34,4,11,43,2
34,4,12,3,1
34,4,13,78,1
34,4,14,21,4
34,4,15,30,3
34,4,16,38,4
34,4,17,70,4
34,4,18,86,3
34,4,19,25,4
34,4,20,51,1
34,4,21,29,3
34,4,22,45,3
34,4,23,84,2
34,4,24,92,2
34,4,25,82,3
34,4,26,50,3
34,4,27,66,1
34,4,28,35,2
34,4,29,53,2
34,4,30,56,1
34,4,31,81,3
34,4,32,20,3
34,4,33,63,1
34,4,34,14,1
34,4,35,93,3
34,4,36,61,2
34,4,37,19,2
34,4,38,73,2
34,4,39,62,4
34,4,40,36,4
34,4,41,58,2
34,4,42,85,3
34,4,43,1,1
34,4,44,12,4
34,4,45,77,1
34,4,46,23,4
34,4,47,16,1
34,4,48,74,2
34,4,49,40,3
34,4,50,55,2
34,4,51,49,4
34,4,52,68,4
34,4,53,32,4
34,4,54,67,3
34,4,55,91,2
34,4,56,28,1
34,4,57,18,2
34,4,58,64,1
34,4,59,69,1
34,4,60,5,1
34,5,1,8,1
34,5,2,11,1
34,5,3,89,4
34,5,4,83,2
34,5,5,44,4
34,5,6,41,3
34,5,7,4,4
34,5,8,90,2
34,5,9,57,3
34,5,10,95,4
34,5,11,17,2
34,5,12,72,2
34,5,13,29,2
34,5,14,42,3
34,5,15,20,1
34,5,16,49,1
34,5,17,28,2
34,5,18,82,2
34,5,19,10,3
34,5,20,74,2
34,5,21,56,1
34,5,22,44,4
34,5,23,89,2
34,5,24,15,4
34,5,25,12,4
34,5,26,33,2
34,5,27,95,3
34,5,28,4,3
34,5,29,8,3
34,5,30,30,4
34,5,31,90,1
34,5,32,94,2
34,5,33,39,4
34,5,34,24,3
34,5,35,22,3
34,5,36,32,3
34,5,37,14,1
34,5,38,87,4
34,5,39,17,1
34,5,40,2,3
34,5,40,88,4
34,5,41,11,4
34,5,42,66,2
34,5,43,27,2
34,5,44,13,2
34,5,45,37,1
34,5,46,62,4
34,5,47,36,2
34,5,48,84,4
34,5,49,92,3
34,5,50,18,4
34,5,51,68,1
34,5,52,31,4
34,5,53,93,1
34,5,54,52,4
34,5,55,38,2
34,5,56,2,1
34,5,57,3,4
34,5,58,35,1
34,5,59,86,3
34,5,60,47,1
34,6,1,65,3
34,6,2,1,2
34,6,3,69,4
34,6,4,25,4
34,6,5,83,1
34,6,6,51,3
34,6,7,59,3
34,6,8,57,3
34,6,9,40,4
34,6,10,60,4
34,6,11,21,2
34,6,12,85,1
34,6,13,55,2
34,6,14,41,2
34,6,15,70,2
34,6,16,96,3
34,6,17,53,3
34,6,18,43,2
34,6,19,76,1
34,6,20,72,4
34,6,21,61,2
34,6,22,77,1
34,6,23,79,2
34,6,24,19,4
34,6,25,75,1
34,6,26,23,4
34,6,27,54,3
34,6,28,48,2
34,6,29,58,4
34,6,30,7,1
34,6,31,9,3
34,6,32,45,1
34,6,33,71,4
34,6,34,16,1
34,6,35,63,3
34,6,36,26,1
34,6,37,67,1
34,6,38,50,4
34,6,39,80,2
34,6,40,73,3
34,6,41,64,4
34,6,42,34,1
34,6,43,78,2
34,6,44,46,4
34,6,45,6,4
34,6,46,91,3
34,6,47,81,1
34,6,48,5,1
34,6,49,4,3
34,6,50,67,4
34,6,51,62,1
34,6,52,83,2
34,6,53,34,3
34,6,54,93,1
34,6,55,43,4
34,6,56,21,4
34,6,57,28,4
34,6,58,84,4
34,6,59,5,3
34,6,60,52,4
34,7,1,88,1
34,7,2,13,4
34,7,3,2,3
34,7,3,88,4
34,7,4,51,2
34,7,5,32,4
34,7,6,68,4
34,7,7,45,3
34,7,8,1,3
34,7,9,48,2
34,7,10,86,3
34,7,11,9,1
34,7,12,27,3
34,7,13,58,4
34,7,14,31,1
34,7,15,59,1
34,7,16,20,3
34,7,17,80,4
34,7,18,16,4
34,7,19,11,4
34,7,20,47,4
34,7,21,94,3
34,7,22,18,4
34,7,23,44,4
34,7,24,91,1
34,7,25,36,1
34,7,26,70,4
34,7,27,19,3
34,7,28,38,2
34,7,29,10,2
34,7,30,33,3
34,7,31,69,3
34,7,32,57,2
34,7,33,82,2
34,7,34,30,4
34,7,35,35,2
34,7,36,76,1
34,7,37,55,2
34,7,38,17,1
34,7,39,85,2
34,7,40,90,2
34,7,41,77,1
34,7,42,54,3
34,7,43,42,4
34,7,44,89,4
34,7,45,65,1
34,7,46,50,3
34,7,47,64,2
34,7,48,66,2
34,7,49,95,2
34,7,50,46,2
34,7,51,53,2
34,7,52,39,3
34,7,53,3,4
34,7,54,14,3
34,7,55,79,3
34,7,56,25,4
34,7,57,73,2
34,7,58,92,2
34,7,59,41,3
34,7,60,71,3
35,1,1,2,2
35,1,2,10,2
35,1,3,18,3
35,1,4,17,3
35,1,5,11,1
35,1,6,21,2
35,1,7,9,4
35,1,8,24,1
35,1,9,7,1
35,1,10,23,1
35,1,11,16,1
35,1,12,6,1
35,1,13,14,3
35,1,14,22,1
35,1,15,1,2
35,1,16,13,4
35,1,17,20,1
35,1,18,19,3
35,1,19,4,4
35,1,20,15,3
35,1,21,8,3
35,1,22,3,1
35,1,23,5,4
35,1,24,12,4
35,2,1,52,1
35,2,2,36,4
35,2,3,61,4
35,2,4,26,2
35,2,5,60,2
35,2,6,34,1
35,2,7,49,2
35,2,8,71,4
35,2,9,39,4
35,2,10,81,3
35,2,11,84,2
35,2,12,55,3
35,2,13,92,1
35,2,14,37,4
35,2,15,46,4
35,2,16,21,4
35,2,17,43,3
35,2,18,50,4
35,2,19,85,3
35,2,20,22,1
35,2,21,12,3
35,2,22,20,1
35,2,23,7,4
35,2,24,23,1
35,2,25,2,2
35,2,26,77,1
35,2,27,17,3
35,2,28,1,2
35,2,29,65,2
35,2,30,13,4
35,2,31,10,2
35,2,32,38,1
35,2,33,45,1
35,2,34,66,1
35,2,35,74,4
35,2,36,4,2
35,2,37,96,1
35,2,38,6,3
35,2,39,70,1
35,2,40,47,3
35,2,41,16,4
35,2,42,9,4
35,2,43,82,2
35,2,44,24,1
35,2,45,27,3
35,2,46,18,4
35,2,47,42,4
35,2,48,91,1
35,2,49,75,1
35,2,50,53,1
35,2,51,15,2
35,2,52,32,1
35,2,53,79,3
35,2,54,80,3
35,2,55,59,4
35,2,56,90,3
35,2,57,31,2
35,2,58,78,3
35,2,59,69,2
35,2,60,48,3
35,3,1,29,2
35,3,2,62,3
35,3,3,3,3
35,3,4,35,3
35,3,5,19,4
35,3,6,25,4
35,3,7,33,3
35,3,8,88,3
35,3,9,14,1
35,3,10,63,3
35,3,11,56,1
35,3,12,95,2
35,3,13,40,2
35,3,14,94,4
35,3,15,57,2
35,3,16,5,4
35,3,17,73,1
35,3,18,58,3
35,3,19,30,4
35,3,20,54,4
35,3,21,89,1
35,3,22,64,2
35,3,23,72,4
35,3,24,67,3
35,3,25,86,3
35,3,26,83,3
35,3,27,68,1
35,3,28,11,3
35,3,29,87,2
35,3,30,28,3
35,3,31,51,4
35,3,32,44,3
35,3,33,93,1
35,3,34,76,1
35,3,35,8,3
35,3,36,41,1
35,3,37,67,3
35,3,38,80,1
35,3,39,45,4
35,3,40,61,1
35,3,41,5,4
35,3,42,66,4
35,3,43,54,3
35,3,44,10,3
35,3,45,79,4
35,3,46,48,1
35,3,47,75,3
35,3,48,46,2
35,3,49,39,1
35,3,50,21,3
35,3,51,55,4
35,3,52,72,2
35,3,53,13,3
35,3,54,36,2
35,3,55,19,1
35,3,56,3,3
35,3,57,35,1
35,3,58,63,4
35,3,59,25,4
35,3,60,40,2
35,4,1,60,3
35,4,2,37,4
35,4,3,6,4
35,4,4,16,2
35,4,5,2,2
35,4,6,90,2
35,4,7,17,3
35,4,8,34,3
35,4,9,59,1
35,4,10,91,2
35,4,11,4,4
35,4,12,86,3
35,4,13,58,4
35,4,14,92,3
35,4,15,71,1
35,4,16,88,1
35,4,17,38,4
35,4,18,96,4
35,4,19,85,2
35,4,20,28,4
35,4,21,8,3
35,4,22,76,4
35,4,23,29,1
35,4,24,93,1
35,4,25,32,4
35,4,26,89,3
35,4,27,57,2
35,4,28,43,1
35,4,29,69,3
35,4,30,49,2
35,4,31,20,3
35,4,32,81,2
35,4,33,51,1
35,4,34,9,1
35,4,35,7,3
35,4,36,77,4
35,4,37,18,3
35,4,38,42,4
35,4,39,53,4
35,4,40,95,4
35,4,41,22,4
35,4,42,15,3
35,4,43,62,4
35,4,44,94,1
35,4,45,47,3
35,4,46,70,3
35,4,47,14,1
35,4,48,24,4
35,4,49,11,1
35,4,50,33,3
35,4,51,52,3
35,4,52,68,2
35,4,53,23,1
35,4,54,65,2
35,4,55,26,3
35,4,56,84,4
35,4,57,78,4
35,4,58,82,4
35,4,59,27,4
35,4,60,87,2
35,5,1,31,1
35,5,2,12,4
35,5,3,56,1
35,5,4,74,3
35,5,5,44,4
35,5,6,64,4
35,5,7,83,1
35,5,8,30,3
35,5,9,73,4
35,5,10,1,3
35,5,11,50,2
35,5,12,41,4
35,5,13,17,1
35,5,14,75,1
35,5,15,81,3
35,5,16,85,1
35,5,17,55,2
35,5,18,19,1
35,5,19,62,1
35,5,20,49,2
35,5,21,71,3
35,5,22,50,2
35,5,23,79,2
35,5,24,3,2
35,5,25,45,1
35,5,26,52,1
35,5,27,44,3
35,5,28,34,1
35,5,29,9,4
35,5,30,13,4
35,5,31,84,3
35,5,32,27,1
35,5,33,60,1
35,5,34,32,1
35,5,35,46,2
35,5,36,7,3
35,5,37,29,2
35,5,38,5,1
35,5,39,91,3
35,5,40,95,1
35,5,41,25,1
35,5,42,47,2
35,5,43,37,3
35,5,44,26,3
35,5,45,83,4
35,5,46,94,1
35,5,47,31,4
35,5,48,22,1
35,5,49,66,4
35,5,50,39,1
35,5,51,86,1
35,5,52,59,4
35,5,53,53,4
35,5,54,67,3
35,5,55,96,4
35,5,56,4,2
35,5,57,93,1
35,5,58,72,2
35,5,59,73,1
35,5,60,40,2
35,6,1,77,1
35,6,2,90,4
35,6,3,69,2
35,6,4,70,1
35,6,5,61,4
35,6,6,15,4
35,6,7,10,3
35,6,8,78,1
35,6,9,57,3
35,6,10,14,1
35,6,11,12,3
35,6,12,43,4
35,6,13,87,1
35,6,14,16,2
35,6,15,30,4
35,6,16,92,2
35,6,17,38,3
35,6,18,6,2
35,6,19,76,3
35,6,20,74,3
35,6,21,33,4
35,6,22,58,3
35,6,23,64,2
35,6,24,36,1
35,6,25,82,2
35,6,26,42,1
35,6,27,88,2
35,6,28,65,1
35,6,29,56,3
35,6,30,54,1
35,6,31,21,2
35,6,32,41,2
35,6,33,63,4
35,6,34,28,2
35,6,35,11,3
35,6,36,23,4
35,6,37,35,2
35,6,38,20,3
35,6,39,51,1
35,6,40,80,4
35,6,41,18,2
35,6,42,2,4
35,6,43,8,2
35,6,44,48,4
35,6,45,89,1
35,6,46,1,3
35,6,47,24,3
35,6,48,68,4
35,6,49,94,1
35,6,50,48,1
35,6,51,59,4
35,6,52,49,3
35,6,53,2,3
35,6,53,88,4
35,6,54,50,4
35,6,55,45,4
35,6,56,32,3
35,6,57,3,4
35,6,58,1,2
35,6,59,8,3
35,6,60,41,2
35,7,1,55,1
35,7,2,47,4
35,7,3,54,4
35,7,4,76,4
35,7,5,52,4
35,7,6,7,2
35,7,7,35,2
35,7,8,63,4
35,7,9,38,4
35,7,10,15,3
35,7,11,31,2
35,7,12,67,3
35,7,13,82,2
35,7,14,51,1
35,7,15,79,2
35,7,16,66,4
35,7,17,11,3
35,7,18,72,4
35,7,19,75,1
35,7,20,80,1
35,7,21,64,3
35,7,22,23,3
35,7,23,58,3
35,7,24,34,2
35,7,25,53,1
35,7,26,60,3
35,7,27,4,3
35,7,28,30,3
35,7,29,14,2
35,7,30,18,2
35,7,31,92,4
35,7,32,6,4
35,7,33,69,4
35,7,34,44,3
35,7,35,42,2
35,7,36,21,2
35,7,37,40,2
35,7,38,5,1
35,7,39,10,1
35,7,40,65,3
35,7,41,43,1
35,7,42,17,1
35,7,43,89,4
35,7,44,85,4
35,7,45,87,4
35,7,46,39,4
35,7,47,86,3
35,7,48,81,3
35,7,49,71,1
35,7,50,61,2
35,7,51,16,3
35,7,52,2,3
35,7,52,88,4
35,7,53,27,1
35,7,54,37,2
35,7,55,20,3
35,7,56,90,3
35,7,57,22,1
35,7,58,84,3
35,7,59,77,3
35,7,60,36,3
36,2,1,69,2
36,2,2,46,1
36,2,3,39,2
36,2,4,6,2
36,2,5,48,1
36,2,6,74,3
36,2,7,25,3
36,2,8,20,1
36,2,9,71,4
36,2,10,24,1
36,2,11,42,1
36,2,12,81,3
36,2,13,23,3
36,2,14,57,3
36,2,15,90,2
36,2,16,12,1
36,2,17,84,2
36,2,18,96,2
36,2,19,68,2
36,2,20,5,4
36,2,21,13,2
36,2,22,33,3
36,2,23,89,3
36,2,24,92,3
36,2,25,11,2
36,2,26,91,1
36,2,27,55,1
36,2,28,27,2
36,2,29,37,4
36,2,30,64,3
36,2,31,82,1
36,2,32,50,3
36,2,33,30,4
36,2,34,70,1
36,2,35,21,3
36,2,36,3,4
36,2,37,34,1
36,2,38,95,1
36,2,39,38,4
36,2,40,15,4
36,2,41,49,1
36,2,42,83,2
36,2,43,65,2
36,2,44,93,1
36,2,45,19,2
36,2,46,80,1
36,2,47,36,2
36,2,48,72,3
36,2,49,8,2
36,2,50,2,4
36,2,51,40,2
36,2,52,86,3
36,2,53,41,2
36,2,54,52,4
36,2,55,17,3
36,2,56,94,3
36,2,57,1,1
36,2,58,79,3
36,2,59,58,3
36,2,60,10,1
36,3,1,53,1
36,3,2,18,3
36,3,3,66,4
36,3,4,45,1
36,3,5,78,2
36,3,6,56,2
36,3,7,87,2
36,3,8,75,2
36,3,9,51,4
36,3,10,60,3
36,3,11,59,2
36,3,12,16,2
36,3,13,63,3
36,3,14,76,4
36,3,15,85,1
36,3,16,73,4
36,3,17,4,3
36,3,18,61,3
36,3,19,31,2
36,3,20,62,3
36,3,21,47,3
36,3,22,88,1
36,3,23,67,1
36,3,24,22,2
36,3,25,32,1
36,3,26,35,3
36,3,27,9,4
36,3,28,44,1
36,3,29,29,4
36,3,30,14,1
36,3,31,7,2
36,3,32,43,4
36,3,33,54,1
36,3,34,26,2
36,3,35,28,1
36,3,36,77,1
36,3,37,1,4
36,3,38,82,1
36,3,39,86,4
36,3,40,79,3
36,3,41,6,3
36,3,42,48,1
36,3,43,19,4
36,3,44,37,4
36,3,45,41,4
36,3,46,11,1
36,3,47,47,2
36,3,48,90,2
36,3,49,35,2
36,3,50,25,3
36,3,51,66,1
36,3,52,10,4
36,3,53,62,3
36,3,54,88,1
36,3,55,60,3
36,3,56,15,2
36,3,57,18,1
36,3,58,58,4
36,3,59,93,3
36,3,60,96,4
36,4,1,45,1
36,4,2,85,2
36,4,3,2,2
36,4,4,28,4
36,4,5,64,2
36,4,6,65,2
36,4,7,50,3
36,4,8,4,1
36,4,9,16,3
36,4,10,9,3
36,4,11,67,4
36,4,12,49,1
36,4,13,43,1
36,4,14,27,2
36,4,15,71,3
36,4,16,80,2
36,4,17,83,1
36,4,18,24,4
36,4,19,42,3
36,4,20,75,1
36,4,21,14,2
36,4,22,32,3
36,4,23,87,2
36,4,24,52,4
36,4,25,44,3
36,4,26,38,3
36,4,27,8,1
36,4,28,57,2
36,4,29,29,2
36,4,30,55,1
36,4,31,89,2
36,4,32,92,1
36,4,33,61,3
36,4,34,63,2
36,4,35,23,1
36,4,36,17,3
36,4,37,5,3
36,4,38,33,1
36,4,39,3,3
36,4,40,77,2
36,4,41,95,1
36,4,42,21,3
36,4,43,74,4
36,4,44,26,3
36,4,45,46,1
36,4,46,12,3
36,4,47,34,3
36,4,48,56,3
36,4,49,36,1
36,4,50,59,3
36,4,51,40,2
36,4,52,20,3
36,4,53,72,3
36,4,54,22,4
36,4,55,69,3
36,4,56,70,1
36,4,57,39,2
36,4,58,73,3
36,4,59,30,2
36,4,60,81,2
36,5,1,53,2
36,5,2,76,4
36,5,3,91,1
36,5,4,78,1
36,5,5,54,1
36,5,6,31,4
36,5,7,84,2
36,5,8,13,3
36,5,9,7,4
36,5,10,94,3
36,5,11,68,3
36,5,12,51,2
36,5,13,77,4
36,5,14,11,1
36,5,15,83,3
36,5,16,16,2
36,5,17,81,3
36,5,18,54,2
36,5,19,64,3
36,5,20,42,2
36,5,21,4,3
36,5,22,37,3
36,5,23,35,3
36,5,24,31,3
36,5,25,69,4
36,5,26,43,2
36,5,27,26,4
36,5,28,38,1
36,5,29,2,3
36,5,29,88,4
36,5,30,49,2
36,5,31,19,2
36,5,32,52,2
36,5,33,78,2
36,5,34,1,3
36,5,35,55,1
36,5,36,57,1
36,5,37,33,3
36,5,38,13,4
36,5,39,61,2
36,5,40,87,1
36,5,41,20,1
36,5,42,12,1
36,5,43,68,3
36,5,44,73,3
36,5,45,65,1
36,5,46,50,3
36,5,47,59,1
36,5,48,10,1
36,5,49,74,3
36,5,50,91,4
36,5,51,92,3
36,5,52,82,2
36,5,53,62,4
36,5,54,24,1
36,5,55,79,3
36,5,56,32,3
36,5,57,51,4
36,5,58,80,1
36,5,59,6,1
36,5,60,47,2
36,6,1,8,3
36,6,2,90,1
36,6,3,72,1
36,6,4,40,4
36,6,5,45,4
36,6,6,15,3
36,6,7,14,4
36,6,8,84,1
36,6,9,22,2
36,6,10,94,4
36,6,11,5,1
36,6,12,3,3
36,6,13,71,3
36,6,14,66,1
36,6,15,41,4
36,6,16,60,4
36,6,17,23,2
36,6,18,39,2
36,6,19,27,3
36,6,20,85,3
36,6,21,48,3
36,6,22,96,2
36,6,23,58,2
36,6,24,17,1
36,6,25,34,1
36,6,26,46,4
36,6,27,18,1
36,6,28,56,2
36,6,29,89,2
36,6,30,67,3
36,6,31,63,3
36,6,32,28,3
36,6,33,93,2
36,6,34,70,3
36,6,35,36,3
36,6,36,76,3
36,6,37,44,4
36,6,38,86,4
36,6,39,21,4
36,6,40,95,3
36,6,41,75,3
36,6,42,9,2
36,6,43,30,4
36,6,44,25,3
36,6,45,53,4
36,6,46,29,3
36,6,47,88,3
36,6,48,7,1
36,6,49,10,2
36,6,50,84,4
36,6,51,86,2
36,6,52,81,2
36,6,53,69,1
36,6,54,12,1
36,6,55,1,3
36,6,56,34,3
36,6,57,33,3
36,6,58,94,3
36,6,59,41,1
36,6,60,95,3
36,7,1,28,4
36,7,2,2,3
36,7,2,88,4
36,7,3,38,3
36,7,4,77,2
36,7,5,79,2
36,7,6,36,3
36,7,7,17,2
36,7,8,27,3
36,7,9,62,2
36,7,10,67,1
36,7,11,29,3
36,7,12,44,4
36,7,13,57,1
36,7,14,90,1
36,7,15,50,3
36,7,16,55,4
36,7,17,13,3
36,7,18,11,1
36,7,19,73,1
36,7,20,39,1
36,7,21,75,3
36,7,22,72,3
36,7,23,30,4
36,7,24,48,4
36,7,25,47,1
36,7,26,65,3
36,7,27,14,3
36,7,28,92,4
36,7,29,26,2
36,7,30,52,2
36,7,31,42,2
36,7,32,16,3
36,7,33,46,2
36,7,34,18,2
36,7,35,93,1
36,7,36,60,1
36,7,37,9,4
36,7,38,91,3
36,7,39,59,4
36,7,40,85,1
36,7,41,49,3
36,7,42,68,3
36,7,43,64,2
36,7,44,54,1
36,7,45,35,3
36,7,46,82,1
36,7,47,87,3
36,7,48,3,1
36,7,49,56,2
36,7,50,20,2
36,7,51,40,2
36,7,52,78,1
36,7,53,5,1
36,7,54,45,1
36,7,55,83,2
36,7,56,2,2
36,7,57,58,1
36,7,58,37,3
36,7,59,19,1
36,7,60,80,1
37,1,1,21,2
37,1,2,20,1
37,1,3,5,2
37,1,4,16,4
37,1,5,12,4
37,1,6,24,2
37,1,7,19,1
37,1,8,13,2
37,1,9,23,2
37,1,10,17,1
37,1,11,14,4
37,1,12,3,2
37,1,13,22,1
37,1,14,7,4
37,1,15,10,1
37,1,16,4,3
37,1,17,9,4
37,1,18,8,3
37,1,19,2,4
37,1,20,6,4
37,1,21,18,2
37,1,22,15,2
37,1,23,11,3
37,1,24,1,2
37,2,1,36,3
37,2,2,59,4
37,2,3,14,3
37,2,4,7,3
37,2,5,34,2
37,2,6,3,1
37,2,7,17,4
37,2,8,22,4
37,2,9,52,3
37,2,10,4,4
37,2,11,25,1
37,2,12,58,4
37,2,13,86,1
37,2,14,13,4
37,2,15,88,3
37,2,16,65,2
37,2,17,56,3
37,2,18,40,3
37,2,19,79,2
37,2,20,1,4
37,2,21,24,2
37,2,22,9,3
37,2,23,11,2
37,2,24,20,2
37,2,25,78,4
37,2,26,74,2
37,2,27,83,1
37,2,28,76,4
37,2,29,15,1
37,2,30,61,3
37,2,31,60,2
37,2,32,72,3
37,2,33,33,2
37,2,34,19,1
37,2,35,21,4
37,2,36,71,2
37,2,37,31,2
37,2,38,70,3
37,2,39,28,4
37,2,40,67,1
37,2,41,41,1
37,2,42,77,1
37,2,43,49,2
37,2,44,55,2
37,2,45,27,2
37,2,46,91,3
37,2,47,30,4
37,2,48,37,4
37,2,49,18,1
37,2,50,54,3
37,2,51,81,4
37,2,52,96,4
37,2,53,66,2
37,2,54,69,4
37,2,55,44,4
37,2,56,23,2
37,2,57,47,4
37,2,58,57,1
37,2,59,12,3
37,2,60,10,2
37,3,1,93,4
37,3,2,35,3
37,3,3,85,1
37,3,4,2,3
37,3,4,88,4
37,3,5,51,3
37,3,6,45,3
37,3,7,42,2
37,3,8,5,1
37,3,9,89,2
37,3,10,6,2
37,3,11,90,2
37,3,12,39,3
37,3,13,16,3
37,3,14,94,2
37,3,15,50,2
37,3,16,46,3
37,3,17,48,3
37,3,18,43,2
37,3,19,68,4
37,3,20,38,4
37,3,21,87,3
37,3,22,75,3
37,3,23,95,1
37,3,24,26,2
37,3,25,8,3
37,3,26,32,3
37,3,27,64,1
37,3,28,53,4
37,3,29,80,1
37,3,30,29,2
37,3,31,92,3
37,3,32,84,3
37,3,33,82,3
37,3,34,73,3
37,3,35,63,2
37,3,36,62,1
37,3,37,35,3
37,3,38,74,3
37,3,39,86,1
37,3,40,20,1
37,3,41,51,4
37,3,42,8,2
37,3,43,27,2
37,3,44,38,2
37,3,45,67,3
37,3,46,33,2
37,3,47,41,4
37,3,48,2,2
37,3,49,11,2
37,3,50,52,3
37,4,1,23,4
37,4,2,46,1
37,4,3,7,2
37,4,4,58,1
37,4,5,73,3
37,4,6,57,4
37,4,7,68,2
37,4,8,49,3
37,4,9,28,2
37,4,10,24,4
37,4,11,63,3
37,4,12,21,1
37,4,13,83,2
37,4,14,25,4
37,4,15,81,1
37,4,16,60,2
37,4,17,54,4
37,4,18,76,4
37,4,19,90,2
37,4,20,87,1
37,4,21,95,1
37,4,22,18,2
37,4,23,61,4
37,4,24,96,2
37,4,25,65,1
37,4,26,13,2
37,4,27,55,3
37,4,28,1,3
37,4,29,31,3
37,4,30,16,2
37,4,31,78,3
37,4,32,75,3
37,4,33,9,1
37,4,34,71,2
37,4,35,84,1
37,4,36,39,4
37,4,37,64,2
37,4,38,47,4
37,4,39,88,2
37,4,40,82,2
37,4,41,70,1
37,4,42,32,4
37,4,43,80,1
37,4,44,12,2
37,4,45,89,4
37,4,46,42,1
37,4,47,36,3
37,4,48,30,4
37,4,49,66,2
37,4,50,34,1
37,4,51,4,1
37,4,52,19,2
37,4,53,53,4
37,4,54,14,1
37,4,55,94,2
37,4,56,17,3
37,4,57,48,4
37,4,58,50,3
37,4,59,85,1
37,4,60,10,2
37,5,1,43,3
37,5,2,29,2
37,5,3,92,1
37,5,4,40,3
37,5,5,79,1
37,5,6,69,1
37,5,7,59,3
37,5,8,62,4
37,5,9,37,1
37,5,10,93,1
37,5,11,77,1
37,5,12,56,4
37,5,13,52,3
37,5,14,68,3
37,5,15,2,1
37,5,16,45,3
37,5,17,87,3
37,5,18,7,1
37,5,19,63,3
37,5,20,44,2
37,5,21,29,3
37,5,22,14,1
37,5,23,5,1
37,5,24,74,2
37,5,25,77,4
37,5,26,57,4
37,5,27,18,2
37,5,28,17,1
37,5,29,10,3
37,5,30,9,2
37,5,31,32,4
37,5,32,48,4
37,5,33,12,3
37,5,34,6,2
37,5,35,37,4
37,5,36,3,2
37,5,37,71,4
37,5,38,13,3
37,5,39,21,2
37,5,40,11,4
37,5,41,25,2
37,5,42,79,2
37,5,43,83,4
37,5,44,53,1
37,5,45,94,2
37,5,46,49,1
37,5,47,16,1
37,5,48,66,3
37,5,49,15,1
37,5,50,89,2
37,5,51,38,4
37,5,52,42,2
37,5,53,59,4
37,5,54,43,4
37,5,55,39,3
37,5,56,76,3
37,5,57,95,3
37,5,58,67,4
37,5,59,33,2
37,5,60,20,1
37,6,1,40,2
37,6,2,65,1
37,6,3,55,2
37,6,4,4,2
37,6,5,88,2
37,6,6,36,1
37,6,7,62,4
37,6,8,96,2
37,6,9,82,1
37,6,10,84,4
37,6,11,54,3
37,6,12,69,4
37,6,13,51,3
37,6,14,64,3
37,6,15,34,2
37,6,16,61,1
37,6,17,73,2
37,6,18,1,1
37,6,19,23,3
37,6,20,80,4
37,6,21,50,4
37,6,22,35,4
37,6,23,26,3
37,6,24,75,3
37,6,25,90,2
37,6,26,22,3
37,6,27,72,4
37,6,28,47,4
37,6,29,28,2
37,6,30,58,1
37,6,31,27,4
37,6,32,24,4
37,6,33,92,2
37,6,34,19,1
37,6,35,81,4
37,6,36,70,4
37,6,37,46,2
37,6,38,30,3
37,6,39,60,4
37,6,40,78,1
37,6,41,85,2
37,6,42,41,3
37,6,43,86,2
37,6,44,93,2
37,6,45,8,2
37,6,46,91,4
37,6,47,31,2
37,6,48,56,2
37,6,49,10,1
37,6,50,50,2
37,6,51,15,3
37,6,52,34,2
37,6,53,85,1
37,6,54,83,1
37,6,55,78,4
37,6,56,12,2
37,6,57,2,2
37,6,58,54,3
37,6,59,1,2
37,6,60,91,1
37,7,1,77,3
37,7,2,92,2
37,7,3,37,4
37,7,4,13,4
37,7,5,65,4
37,7,6,82,1
37,7,7,6,4
37,7,8,44,2
37,7,9,75,4
37,7,10,96,3
37,7,11,76,3
37,7,12,16,3
37,7,13,25,2
37,7,14,28,3
37,7,15,61,1
37,7,16,11,4
37,7,17,38,2
37,7,18,55,1
37,7,19,46,1
37,7,20,48,2
37,7,21,67,3
37,7,22,93,1
37,7,23,95,4
37,7,24,49,1
37,7,25,63,3
37,7,26,43,3
37,7,27,45,3
37,7,28,80,1
37,7,29,62,4
37,7,30,70,3
37,7,31,23,3
37,7,32,51,1
37,7,33,87,1
37,7,34,33,1
37,7,35,72,2
37,7,36,53,2
37,7,37,66,4
37,7,38,74,1
37,7,39,21,4
37,7,40,90,4
37,7,41,36,1
37,7,42,5,4
37,7,43,8,1
37,7,44,26,3
37,7,45,17,3
37,7,46,29,2
37,7,47,57,4
37,7,48,7,2
37,7,49,69,2
37,7,50,86,1
37,7,51,35,3
37,7,52,64,3
37,7,53,52,3
37,7,54,56,2
37,7,55,42,4
37,7,56,3,3
37,7,57,68,3
37,7,58,39,4
37,7,59,27,4
37,7,60,31,3
38,1,1,24,1
38,1,2,5,2
38,1,3,10,4
38,1,4,9,4
38,1,5,7,4
38,1,6,11,1
38,1,7,18,2
38,1,8,22,2
38,1,9,16,2
38,1,10,2,4
38,1,11,15,3
38,1,12,3,3
38,1,13,19,2
38,1,14,23,3
38,1,15,20,2
38,1,16,8,4
38,1,17,4,3
38,1,18,17,1
38,1,19,13,2
38,1,20,6,4
38,1,21,14,3
38,1,22,21,3
38,1,23,1,2
38,1,24,12,1
38,2,1,19,2
38,2,2,36,3
38,2,3,20,3
38,2,4,64,1
38,2,5,66,2
38,2,6,56,1
38,2,7,29,3
38,2,8,44,4
38,2,9,3,3
38,2,10,4,1
38,2,11,85,2
38,2,12,72,1
38,2,13,86,1
38,2,14,76,4
38,2,15,53,2
38,2,16,78,2
38,2,17,25,2
38,2,18,94,3
38,2,19,26,4
38,2,20,46,3
38,2,21,43,4
38,2,22,59,4
38,2,23,2,2
38,2,24,83,3
38,2,25,42,2
38,2,26,87,3
38,2,27,71,3
38,2,28,8,2
38,2,29,61,1
38,2,30,34,2
38,2,31,7,3
38,2,32,70,4
38,2,33,32,3
38,2,34,77,2
38,2,35,75,1
38,2,36,17,2
38,2,37,50,2
38,2,38,62,4
38,2,39,90,1
38,2,40,69,2
38,2,41,21,3
38,2,42,80,3
38,2,43,41,3
38,2,44,23,3
38,2,45,84,1
38,2,46,57,4
38,2,47,92,1
38,2,48,14,4
38,2,49,48,4
38,2,50,73,4
38,2,51,47,1
38,2,52,28,1
38,2,53,18,1
38,2,54,58,3
38,2,55,35,3
38,2,56,65,2
38,2,57,81,4
38,2,58,63,3
38,2,59,5,3
38,2,60,49,1
38,3,1,9,3
38,3,2,52,1
38,3,3,37,1
38,3,4,1,4
38,3,5,40,3
38,3,6,16,2
38,3,7,12,2
38,3,8,15,4
38,3,9,13,3
38,3,10,68,3
38,3,11,55,4
38,3,12,38,4
38,3,13,67,1
38,3,14,96,2
38,3,15,22,2
38,3,16,45,4
38,3,17,74,4
38,3,18,24,3
38,3,19,6,2
38,3,20,93,2
38,3,21,82,4
38,3,22,95,3
38,3,23,31,2
38,3,24,39,4
38,3,25,33,3
38,3,26,30,1
38,3,27,88,2
38,3,28,79,3
38,3,29,89,2
38,3,30,51,1
38,3,31,11,2
38,3,32,60,3
38,3,33,27,1
38,3,34,54,2
38,3,35,10,3
38,3,36,91,3
38,3,37,16,1
38,3,38,47,3
38,3,39,32,3
38,3,40,13,1
38,3,41,51,4
38,3,42,67,3
38,3,43,19,3
38,3,44,7,2
38,3,45,60,4
38,3,46,95,4
38,3,47,46,3
38,3,48,20,2
38,3,49,35,3
38,3,50,61,4
38,3,51,57,4
38,3,52,76,3
38,3,53,56,2
38,3,54,4,2
38,3,55,5,4
38,3,56,14,2
38,3,57,83,4
38,3,58,84,1
38,3,59,70,4
38,3,60,86,4
38,4,1,44,1
38,4,2,69,2
38,4,3,24,4
38,4,4,72,3
38,4,5,74,3
38,4,6,3,3
38,4,7,27,1
38,4,8,62,2
38,4,9,29,4
38,4,10,22,2
38,4,11,39,2
38,4,12,68,3
38,4,13,90,1
38,4,14,55,4
38,4,15,6,3
38,4,16,80,4
38,4,17,79,2
38,4,18,65,1
38,4,19,54,1
38,4,20,58,3
38,4,21,2,4
38,4,22,38,2
38,4,23,34,2
38,4,24,28,3
38,4,25,40,4
38,4,26,11,1
38,4,27,92,3
38,4,28,50,4
38,4,29,88,3
38,4,30,26,4
38,4,31,85,3
38,4,32,15,2
38,4,33,48,4
38,4,34,66,2
38,4,35,41,1
38,4,36,71,3
38,4,37,12,3
38,4,38,49,4
38,4,39,9,3
38,4,40,75,4
38,4,41,42,1
38,4,42,21,3
38,4,43,25,4
38,4,44,89,2
38,4,45,53,2
38,4,46,36,4
38,4,47,64,1
38,4,48,59,4
38,4,49,37,3
38,4,50,78,3
38,4,51,96,2
38,4,52,23,3
38,4,53,30,3
38,4,54,8,2
38,4,55,82,1
38,4,56,10,3
38,4,57,91,1
38,4,58,17,3
38,4,59,18,2
38,4,60,52,3
38,5,1,63,2
38,5,2,31,2
38,5,3,1,2
38,5,4,77,2
38,5,5,33,1
38,5,6,43,4
38,5,7,81,3
38,5,8,45,2
38,5,9,73,3
38,5,10,93,1
38,5,11,94,4
38,5,12,87,4
38,5,13,96,2
38,5,14,38,4
38,5,15,6,1
38,5,16,51,3
38,5,17,72,1
38,5,18,90,1
38,5,19,88,1
38,5,20,61,2
38,5,21,28,4
38,5,22,27,2
38,5,23,68,3
38,5,24,86,1
38,5,25,82,1
38,5,26,22,1
38,5,27,48,4
38,5,28,54,3
38,5,29,74,3
38,5,30,59,4
38,5,31,75,2
38,5,32,76,4
38,5,33,23,2
38,5,34,81,3
38,5,35,30,3
38,5,36,2,1
38,5,37,67,1
38,5,38,8,1
38,5,39,11,2
38,5,40,84,1
38,5,41,53,1
38,5,42,40,4
38,5,43,21,2
38,5,44,3,4
38,5,45,73,2
38,5,46,42,3
38,5,47,12,3
38,5,48,20,4
38,5,49,33,3
38,5,50,77,1
38,5,51,63,2
38,5,52,69,3
38,5,53,85,1
38,5,54,26,1
38,5,55,92,3
38,5,56,78,2
38,5,57,87,1
38,5,58,65,2
38,5,59,56,2
38,5,60,17,4
38,6,1,15,2
38,6,2,83,4
38,6,3,25,2
38,6,4,45,1
38,6,5,13,2
38,6,6,14,4
38,6,7,34,1
38,6,8,31,1
38,6,9,5,3
38,6,10,47,1
38,6,11,44,3
38,6,12,66,3
38,6,13,43,1
38,6,14,19,2
38,6,15,60,3
38,6,16,36,3
38,6,17,35,2
38,6,18,58,3
38,6,19,55,2
38,6,20,39,3
38,6,21,94,2
38,6,22,29,1
38,6,23,37,4
38,6,24,18,2
38,6,25,62,2
38,6,26,41,2
38,6,27,89,2
38,6,28,46,3
38,6,29,64,3
38,6,30,16,1
38,6,31,91,2
38,6,32,9,3
38,6,33,80,1
38,6,34,93,4
38,6,35,24,4
38,6,36,70,2
38,6,37,1,2
38,6,38,49,4
38,6,39,71,4
38,6,40,50,2
38,6,41,4,4
38,6,42,32,4
38,6,43,95,1
38,6,44,10,2
38,6,45,7,3
38,6,46,79,3
38,6,47,52,4
38,6,48,57,4
38,6,49,61,2
38,6,50,64,1
38,6,51,39,4
38,6,52,4,1
38,6,53,93,1
38,6,54,16,4
38,6,55,46,1
38,6,56,8,1
38,6,57,72,4
38,6,58,83,2
38,6,59,96,3
38,6,60,29,3
38,7,1,6,2
38,7,2,70,4
38,7,3,25,4
38,7,4,15,3
38,7,5,62,1
38,7,6,1,2
38,7,7,94,2
38,7,8,20,3
38,7,9,14,3
38,7,10,51,1
38,7,11,45,1
38,7,12,92,3
38,7,13,40,4
38,7,14,71,4
38,7,15,9,3
38,7,16,56,1
38,7,17,3,3
38,7,18,36,4
38,7,19,88,2
38,7,20,68,4
38,7,21,85,2
38,7,22,60,1
38,7,23,43,4
38,7,24,18,1
38,7,25,31,3
38,7,26,89,4
38,7,27,57,4
38,7,28,22,1
38,7,29,77,4
38,7,30,5,2
38,7,31,91,3
38,7,32,10,2
38,7,33,11,1
38,7,34,67,4
38,7,35,76,3
38,7,36,2,2
38,7,37,79,2
38,7,38,44,3
38,7,39,65,3
38,7,40,27,3
38,7,41,69,1
38,7,42,74,3
38,7,43,48,1
38,7,44,17,4
38,7,45,24,1
38,7,46,49,1
38,7,47,34,2
38,7,48,90,1
38,7,49,50,3
38,7,50,75,3
38,7,51,95,2
38,7,52,81,2
38,7,53,54,3
38,7,54,28,2
38,7,55,41,4
38,7,56,13,4
38,7,57,35,4
38,7,58,73,2
38,7,59,7,2
38,7,60,12,1
39,1,1,10,1
39,1,2,3,3
39,1,3,9,2
39,1,4,24,4
39,1,5,18,3
39,1,6,16,2
39,1,7,17,3
39,1,8,6,1
39,1,9,13,2
39,1,10,5,2
39,1,11,21,1
39,1,12,12,3
39,1,13,1,2
39,1,14,4,2
39,1,15,11,4
39,1,16,7,1
39,1,17,23,3
39,1,18,22,1
39,1,19,14,1
39,1,20,20,2
39,1,21,8,1
39,1,22,2,4
39,1,23,19,1
39,1,24,15,4
39,2,1,72,4
39,2,2,41,3
39,2,3,12,3
39,2,4,71,2
39,2,5,44,2
39,2,6,59,1
39,2,7,9,3
39,2,8,5,3
39,2,9,64,2
39,2,10,56,3
39,2,11,68,3
39,2,12,67,4
39,2,13,22,2
39,2,14,84,1
39,2,15,31,2
39,2,16,26,4
39,2,17,58,3
39,2,18,73,3
39,2,19,27,1
39,2,20,11,1
39,2,21,39,3
39,2,22,88,1
39,2,23,50,2
39,2,24,8,2
39,2,25,4,3
39,2,26,90,2
39,2,27,55,4
39,2,28,80,3
39,2,29,69,4
39,2,30,51,1
39,2,31,7,2
39,2,32,10,3
39,2,33,79,2
39,2,34,43,4
39,2,35,54,3
39,2,36,33,4
39,2,37,37,4
39,2,38,89,1
39,2,39,3,3
39,2,40,46,1
39,2,41,92,2
39,2,42,94,1
39,2,43,40,4
39,2,44,19,2
39,2,45,62,2
39,2,46,91,1
39,2,47,60,2
39,2,48,49,4
39,2,49,6,1
39,2,50,87,3
39,2,51,66,4
39,2,52,45,4
39,2,53,96,3
39,2,54,76,3
39,2,55,82,3
39,2,56,81,4
39,2,57,48,3
39,2,58,53,1
39,2,59,95,2
39,2,60,52,1
39,3,1,70,1
39,3,2,83,4
39,3,3,93,3
39,3,4,15,4
39,3,5,17,3
39,3,6,18,2
39,3,7,13,3
39,3,8,65,1
39,3,9,47,3
39,3,10,24,2
39,3,11,63,2
39,3,12,38,2
39,3,13,57,4
39,3,14,77,1
39,3,15,23,4
39,3,16,16,3
39,3,17,14,2
39,3,18,86,4
39,3,19,20,3
39,3,20,78,1
39,3,21,1,3
39,3,22,36,3
39,3,23,21,4
39,3,24,61,3
39,3,25,28,1
39,3,26,74,1
39,3,27,35,4
39,3,28,85,3
39,3,29,30,4
39,3,30,29,3
39,3,31,34,2
39,3,32,75,1
39,3,33,2,2
39,3,34,42,1
39,3,35,32,3
39,3,36,25,3
39,3,37,3,1
39,3,38,68,3
39,3,39,47,4
39,3,40,52,3
39,3,41,92,4
39,3,42,73,3
39,3,43,90,1
39,3,44,70,2
39,3,45,37,1
39,3,46,9,1
39,3,47,74,2
39,3,48,14,1
39,3,49,62,4
39,3,50,75,4
39,3,51,18,2
39,3,52,30,4
39,3,53,46,4
39,3,54,61,3
39,3,55,66,3
39,3,56,59,4
39,3,57,95,4
39,3,58,26,3
39,3,59,48,1
39,3,60,8,2
3,1,1,4,2
3,1,2,18,4
3,1,3,1,3
3,1,4,8,2
3,1,5,13,1
3,1,6,16,2
3,1,7,5,2
3,1,8,21,2
3,1,9,19,2
3,1,10,6,4
3,1,11,11,1
3,1,12,23,2
3,1,13,24,1
3,1,14,20,4
3,1,15,15,4
3,1,16,9,3
3,1,17,12,3
3,1,18,10,1
3,1,19,17,2
3,1,20,7,1
3,1,21,3,1
3,1,22,22,3
3,1,23,14,1
3,1,24,2,2
3,2,1,93,2
3,2,2,64,3
3,2,3,33,1
3,2,4,53,2
3,2,5,96,3
3,2,6,67,3
3,2,7,35,2
3,2,8,84,2
3,2,9,26,3
3,2,10,69,1
3,2,11,4,4
3,2,12,7,1
3,2,13,46,3
3,2,14,74,3
3,2,15,55,2
3,2,16,40,2
3,2,17,15,1
3,2,18,17,4
3,2,19,73,4
3,2,20,48,3
3,2,21,60,1
3,2,22,49,1
3,2,23,66,2
3,2,24,41,4
3,2,25,31,2
3,2,26,63,1
3,2,27,52,2
3,2,28,42,2
3,2,29,80,3
3,2,30,44,1
3,2,31,45,4
3,2,32,68,4
3,2,33,47,4
3,2,34,9,1
3,2,35,14,3
3,2,36,81,3
3,2,37,59,4
3,2,38,12,1
3,2,39,16,1
3,2,40,39,1
3,2,41,37,3
3,2,42,83,3
3,2,43,62,1
3,2,44,36,1
3,2,45,30,4
3,2,46,51,1
3,2,47,11,2
3,2,48,20,3
3,2,49,32,3
3,2,50,71,1
3,2,51,21,3
3,2,52,27,4
3,2,53,28,2
3,2,54,23,3
3,2,55,10,4
3,2,56,24,4
3,2,57,43,3
3,2,58,88,1
3,2,59,86,3
3,2,60,72,2
3,3,1,19,2
3,3,2,90,2
3,3,3,91,2
3,3,4,56,2
3,3,5,1,2
3,3,6,92,2
3,3,7,76,2
3,3,8,89,2
3,3,9,54,4
3,3,10,5,3
3,3,11,58,2
3,3,12,8,3
3,3,13,38,4
3,3,14,87,4
3,3,15,78,1
3,3,16,82,1
3,3,17,77,3
3,3,18,75,4
3,3,19,85,3
3,3,20,13,3
3,3,21,34,1
3,3,22,25,3
3,3,23,3,2
3,3,24,57,3
3,3,25,79,3
3,3,26,65,1
3,3,27,29,2
3,3,28,95,1
3,3,29,50,4
3,3,30,2,3
3,3,30,88,4
3,3,31,61,2
3,3,32,18,2
3,3,33,6,4
3,3,34,70,2
3,3,35,22,1
3,3,36,94,3
3,3,37,48,4
3,3,38,4,3
3,3,39,84,1
3,3,40,50,1
3,3,41,39,1
3,3,42,52,4
3,3,43,83,3
3,3,44,73,4
3,3,45,86,3
3,3,46,11,4
3,3,47,70,2
3,3,48,45,1
3,3,49,69,1
3,3,50,82,1
3,3,51,2,1
3,3,52,64,2
3,3,53,51,4
3,3,54,95,4
3,3,55,43,1
3,3,56,35,1
3,3,57,34,2
3,3,58,81,4
3,3,59,67,3
3,3,60,79,1
3,4,1,32,1
3,4,2,16,2
3,4,3,28,3
3,4,4,29,2
3,4,5,74,3
3,4,6,76,3
3,4,7,57,4
3,4,8,31,1
3,4,9,93,4
3,4,10,65,2
3,4,11,87,3
3,4,12,89,3
3,4,13,58,1
3,4,14,59,2
3,4,15,8,4
3,4,16,47,4
3,4,17,42,3
3,4,18,88,3
3,4,19,19,2
3,4,20,17,4
3,4,21,77,3
3,4,22,21,1
3,4,23,15,1
3,4,24,33,4
3,4,25,18,3
3,4,26,36,1
3,4,27,56,1
3,4,28,72,4
3,4,29,13,2
3,4,30,78,1
3,4,31,41,4
3,4,32,37,2
3,4,33,96,4
3,4,34,40,3
3,4,35,6,2
3,4,36,60,3
3,4,37,44,4
3,4,38,66,3
3,4,39,63,2
3,4,40,85,1
3,4,41,90,2
3,4,42,46,2
3,4,43,27,4
3,4,44,14,1
3,4,45,22,2
3,4,46,91,3
3,4,47,1,4
3,4,48,92,3
3,4,49,25,1
3,4,50,94,4
3,4,51,24,2
3,4,52,49,1
3,4,53,61,2
3,4,54,20,2
3,4,55,68,4
3,4,56,10,2
3,4,57,12,2
3,4,58,9,4
3,4,59,7,4
3,4,60,26,3
40,1,1,20,3
40,1,2,16,1
40,1,3,23,2
40,1,4,9,3
40,1,5,17,3
40,1,6,21,4
40,1,7,19,3
40,1,8,22,2
40,1,9,4,2
40,1,10,2,1
40,1,11,11,1
40,1,12,5,3
40,1,13,15,4
40,1,14,18,1
40,1,15,24,3
40,1,16,12,3
40,1,17,13,2
40,1,18,10,2
40,1,19,8,3
40,1,20,7,2
40,1,21,1,3
40,1,22,6,4
40,1,23,14,3
40,1,24,3,2
42,2,1,51,4
42,2,2,77,3
42,2,3,27,2
42,2,4,5,1
42,2,5,35,4
42,2,6,13,1
42,2,7,9,3
42,2,8,44,3
42,2,9,78,2
42,2,10,3,3
42,2,11,55,2
42,2,12,89,2
42,2,13,96,3
42,2,14,40,2
42,2,15,85,4
42,2,16,46,2
42,2,17,58,2
42,2,18,66,1
42,2,19,2,4
42,2,20,33,2
42,2,21,10,3
42,2,22,28,1
42,2,23,49,2
42,2,24,12,2
42,2,25,47,4
42,2,26,74,3
42,2,27,80,2
42,2,28,6,3
42,2,29,22,4
42,2,30,29,4
42,2,31,72,1
42,2,32,45,3
42,2,33,73,2
42,2,34,92,2
42,2,35,43,4
42,2,36,63,3
42,2,37,52,1
42,2,38,1,2
42,2,39,68,3
42,2,40,41,1
42,2,41,15,2
42,2,42,32,2
42,2,43,37,2
42,2,44,54,2
42,2,45,95,3
42,2,46,87,3
42,2,47,94,1
42,2,48,11,1
42,2,49,88,1
42,2,50,14,1
42,2,51,79,2
42,2,52,83,1
42,2,53,25,1
42,2,54,50,1
42,2,55,19,1
42,2,56,30,3
42,2,57,93,4
42,2,58,91,3
42,2,59,76,1
42,2,60,36,3
42,3,1,59,3
42,3,2,86,2
42,3,3,61,2
42,3,4,16,1
42,3,5,67,4
42,3,6,84,4
42,3,7,60,4
42,3,8,81,4
42,3,9,62,3
42,3,10,31,3
42,3,11,64,4
42,3,12,82,3
42,3,13,65,4
42,3,14,90,2
42,3,15,42,2
42,3,16,69,3
42,3,17,57,1
42,3,18,38,2
42,3,19,17,4
42,3,20,39,4
42,3,21,4,4
42,3,22,24,4
42,3,23,20,3
42,3,24,21,2
42,3,25,7,2
42,3,26,23,3
42,3,27,56,2
42,3,28,34,4
42,3,29,18,4
42,3,30,8,2
42,3,31,75,3
42,3,32,53,4
42,3,33,26,3
42,3,34,70,1
42,3,35,48,3
42,3,36,71,3
42,3,37,89,2
42,3,38,46,4
42,3,39,62,3
42,3,40,77,1
42,3,41,42,3
42,3,42,36,3
42,3,43,25,3
42,3,44,85,4
42,3,45,40,3
42,3,46,52,3
42,3,47,93,2
42,3,48,38,1
42,3,49,33,2
42,3,50,31,4
42,3,51,68,4
42,3,52,24,4
42,3,53,9,1
42,3,54,54,1
42,3,55,94,3
42,3,56,43,4
42,3,57,60,2
42,3,58,41,3
42,3,59,80,2
42,3,60,83,3
42,4,1,18,3
42,4,2,37,4
42,4,3,20,2
42,4,4,44,2
42,4,5,95,4
42,4,6,96,3
42,4,7,75,2
42,4,8,26,3
42,4,9,1,4
42,4,10,23,1
42,4,11,81,4
42,4,12,30,3
42,4,13,72,2
42,4,14,4,1
42,4,15,66,3
42,4,16,15,2
42,4,17,19,3
42,4,18,90,4
42,4,19,5,1
42,4,20,12,3
42,4,21,49,3
42,4,22,11,1
42,4,23,7,1
42,4,24,13,4
42,4,25,34,3
42,4,26,48,4
42,4,27,92,4
42,4,28,47,1
42,4,29,56,2
42,4,30,86,1
42,4,31,53,2
42,4,32,59,4
42,4,33,67,4
42,4,34,78,1
42,4,35,88,2
42,4,36,39,4
42,4,37,64,4
42,4,38,61,1
42,4,39,17,3
42,4,40,84,4
42,4,41,63,4
42,4,42,65,1
42,4,43,91,1
42,4,44,10,2
42,4,45,22,1
42,4,46,69,4
42,4,47,3,3
42,4,48,76,2
42,4,49,51,4
42,4,50,82,3
42,4,51,57,2
42,4,52,87,3
42,4,53,50,4
42,4,54,27,4
42,4,55,55,4
42,4,56,32,4
42,4,57,28,1
42,4,58,35,3
42,4,59,6,1
42,4,60,70,4
42,5,1,45,1
42,5,2,14,1
42,5,3,58,1
42,5,4,2,2
42,5,5,71,4
42,5,6,21,2
42,5,7,79,3
42,5,8,16,4
42,5,9,73,1
42,5,10,8,2
42,5,11,74,4
42,5,12,29,3
42,5,13,23,4
42,5,14,73,3
42,5,15,44,4
42,5,16,49,1
42,5,17,16,1
42,5,18,29,3
42,5,19,55,4
42,5,20,22,4
42,5,21,40,4
42,5,22,37,3
42,5,23,95,2
42,5,24,5,4
42,5,25,68,3
42,5,26,13,1
42,5,27,83,4
42,5,28,71,2
42,5,29,58,2
42,5,30,76,4
42,5,31,14,2
42,5,32,35,3
42,5,33,84,4
42,5,34,64,1
42,5,35,59,3
42,5,36,91,1
42,5,37,24,1
42,5,38,66,4
42,5,39,39,4
42,5,40,17,2
42,5,41,43,1
42,5,42,26,3
42,5,43,52,3
42,5,44,89,1
42,5,45,36,3
42,5,46,28,2
42,5,47,32,1
42,5,48,42,1
42,5,49,78,1
42,5,50,2,2
42,5,51,4,2
42,5,52,53,1
42,5,53,34,2
42,5,54,31,2
42,5,55,12,3
42,5,56,69,3
42,5,57,30,4
42,5,58,96,1
42,5,59,19,4
42,5,60,81,4
42,6,1,6,2
42,6,2,48,2
42,6,3,10,1
42,6,4,54,3
42,6,5,1,4
42,6,6,93,1
42,6,7,27,4
42,6,8,21,2
42,6,9,61,3
42,6,10,7,2
42,6,11,45,1
42,6,12,77,1
42,6,13,92,3
42,6,14,20,1
42,6,15,72,2
42,6,16,86,3
42,6,17,9,3
42,6,18,8,1
42,6,19,67,3
42,6,20,88,2
42,6,21,74,1
42,6,22,80,3
42,6,23,94,2
42,6,24,46,4
42,6,25,85,4
42,6,26,63,1
42,6,27,25,1
42,6,28,51,3
42,6,29,79,4
42,6,30,33,4
42,6,31,3,3
42,6,32,56,2
42,6,33,62,4
42,6,34,47,2
42,6,35,57,4
42,6,36,41,1
42,6,37,87,3
42,6,38,75,2
42,6,39,60,3
42,6,40,18,3
42,6,41,70,2
42,6,42,11,2
42,6,43,82,2
42,6,44,65,1
42,6,45,38,4
42,6,46,50,1
42,6,47,15,3
42,6,48,90,1
42,6,49,80,2
42,6,50,17,3
42,6,51,51,2
42,6,52,50,4
42,6,53,35,3
42,6,54,22,3
42,6,55,42,4
42,6,56,40,4
42,6,57,25,2
42,6,58,15,3
42,6,59,90,3
42,6,60,4,4
42,7,1,79,2
42,7,2,12,2
42,7,3,71,4
42,7,4,28,1
42,7,5,67,4
42,7,6,95,4
42,7,7,88,2
42,7,8,84,4
42,7,9,94,2
42,7,10,56,1
42,7,11,7,2
42,7,12,63,2
42,7,13,14,1
42,7,14,30,3
42,7,15,43,1
42,7,16,8,3
42,7,17,23,4
42,7,18,1,3
42,7,19,55,1
42,7,20,60,2
42,7,21,27,4
42,7,22,66,2
42,7,23,74,2
42,7,24,75,2
42,7,25,65,1
42,7,26,69,1
42,7,27,89,3
42,7,28,16,4
42,7,29,78,2
42,7,30,46,4
42,7,31,9,1
42,7,32,39,4
42,7,33,41,1
42,7,34,20,3
42,7,35,64,1
42,7,36,82,4
42,7,37,10,3
42,7,38,11,1
42,7,39,73,3
42,7,40,70,1
42,7,41,24,1
42,7,42,77,4
42,7,43,6,4
42,7,44,38,3
42,7,45,53,4
42,7,46,37,4
42,7,47,45,2
42,7,48,54,3
42,7,49,29,2
42,7,50,32,3
42,7,51,19,1
42,7,52,33,3
42,7,53,52,3
42,7,54,34,1
42,7,55,18,2
42,7,56,57,4
42,7,57,85,2
42,7,58,47,4
42,7,59,86,3
42,7,60,44,4
43,1,1,6,4
43,1,2,22,1
43,1,3,24,2
43,1,4,15,3
43,1,5,3,1
43,1,6,4,1
43,1,7,7,2
43,1,8,20,3
43,1,9,11,4
43,1,10,5,2
43,1,11,13,1
43,1,12,2,2
43,1,13,9,3
43,1,14,8,1
43,1,15,14,3
43,1,16,21,1
43,1,17,10,4
43,1,18,12,2
43,1,19,17,2
43,1,20,1,2
43,1,21,18,2
43,1,22,16,2
43,1,23,19,1
43,1,24,23,3
43,2,1,28,2
43,2,2,77,4
43,2,3,62,4
43,2,4,46,2
43,2,5,32,4
43,2,6,74,4
43,2,7,12,1
43,2,8,39,4
43,2,9,17,3
43,2,10,53,1
43,2,11,10,3
43,2,12,19,1
43,2,13,86,1
43,2,14,70,3
43,2,15,67,4
43,2,16,45,1
43,2,17,13,2
43,2,18,38,1
43,2,19,58,2
43,2,20,4,4
43,2,21,34,2
43,2,22,90,2
43,2,23,87,3
43,2,24,82,1
43,2,25,76,1
43,2,26,27,3
43,2,27,91,3
43,2,28,23,2
43,2,29,61,4
43,2,30,37,2
43,2,31,84,2
43,2,32,24,1
43,2,33,56,1
43,2,34,57,4
43,2,35,80,1
43,2,36,69,3
43,2,37,36,1
43,2,38,85,1
43,2,39,52,4
43,2,40,73,3
43,2,41,22,2
43,2,42,16,2
43,2,43,2,2
43,2,44,59,4
43,2,45,6,4
43,2,46,29,4
43,2,47,30,4
43,2,48,48,3
43,2,49,92,4
43,2,50,54,3
43,2,51,88,2
43,2,52,40,1
43,2,53,41,3
43,2,54,81,4
43,2,55,1,2
43,2,56,33,3
43,2,57,15,2
43,2,58,72,3
43,2,59,5,4
43,2,60,50,3
43,3,1,43,1
43,3,2,71,3
43,3,3,35,2
43,3,4,3,4
43,3,5,83,1
43,3,6,95,1
43,3,7,75,3
43,3,8,93,4
43,3,9,94,3
43,3,10,31,4
43,3,11,96,4
43,3,12,25,3
43,3,13,8,4
43,3,14,63,2
43,3,15,49,1
43,3,16,9,4
43,3,17,44,2
43,3,18,14,3
43,3,19,65,1
43,3,20,68,3
43,3,21,55,4
43,3,22,79,2
43,3,23,60,4
43,3,24,18,1
43,3,25,42,1
43,3,26,20,1
43,3,27,26,3
43,3,28,66,2
43,3,29,64,4
43,3,30,78,3
43,3,31,7,1
43,3,32,51,3
43,3,33,89,2
43,3,34,21,1
43,3,35,11,4
43,3,36,47,2
43,3,37,11,3
43,3,38,86,1
43,3,39,9,4
43,3,40,91,3
43,3,41,17,1
43,3,42,3,1
43,3,43,58,3
43,3,44,35,3
43,3,45,40,2
43,3,46,25,1
43,3,47,72,1
43,3,48,30,3
43,3,49,26,4
43,3,50,1,1
43,3,51,76,2
43,3,52,71,4
43,3,53,18,1
43,3,54,19,4
43,3,55,38,2
43,3,56,87,3
43,3,57,63,1
43,3,58,69,3
43,3,59,32,2
43,3,60,44,3
43,4,1,12,1
43,4,2,8,3
43,4,3,80,3
43,4,4,37,1
43,4,5,21,1
43,4,6,57,3
43,4,7,74,3
43,4,8,48,2
43,4,9,2,1
43,4,10,59,4
43,4,11,2,3
43,4,11,88,4
43,4,12,65,3
43,4,13,7,3
43,4,14,56,1
43,4,15,54,3
43,4,16,42,4
43,4,17,5,4
43,4,18,43,1
43,4,19,73,2
43,4,20,94,4
43,4,21,77,2
43,4,22,31,2
43,4,23,46,4
43,4,24,49,2
43,4,25,23,2
43,4,26,85,4
43,4,27,10,4
43,4,28,79,1
43,4,29,50,3
43,4,30,62,1
43,4,31,96,1
43,4,32,64,2
43,4,33,41,1
43,4,34,45,2
43,4,35,90,3
43,4,36,29,1
43,4,37,15,4
43,4,38,60,4
43,4,39,52,3
43,4,40,24,1
43,4,41,27,3
43,4,42,39,3
43,4,43,89,2
43,4,44,47,1
43,4,45,95,3
43,4,46,22,2
43,4,47,34,3
43,4,48,70,3
43,4,49,92,1
43,4,50,20,2
43,4,51,78,4
43,4,52,16,1
43,4,53,75,3
43,4,54,36,1
43,4,55,13,2
43,4,56,51,2
43,4,57,28,4
43,4,58,93,2
43,4,59,61,3
43,4,60,82,2
43,5,1,81,1
43,5,2,68,1
43,5,3,84,3
43,5,4,55,3
43,5,5,67,1
43,5,6,83,4
43,5,7,4,2
43,5,8,66,1
43,5,9,33,3
43,5,10,53,2
43,5,11,6,4
43,5,12,14,4
43,5,13,22,1
43,5,14,94,2
43,5,15,65,2
43,5,16,27,1
43,5,17,32,1
43,5,18,57,2
43,5,19,89,2
43,5,20,43,2
43,5,21,85,2
43,5,22,95,1
43,5,23,12,4
43,5,24,54,3
43,5,25,33,4
43,5,26,44,3
43,5,27,88,2
43,5,28,52,2
43,5,29,11,4
43,5,30,90,2
43,5,31,42,2
43,5,32,62,4
43,5,33,7,2
43,5,34,37,4
43,5,35,83,4
43,5,36,29,1
43,5,37,19,3
43,5,38,9,1
43,5,39,13,1
43,5,40,77,1
43,5,41,28,2
43,5,42,93,3
43,5,43,71,4
43,5,44,68,4
43,5,45,63,3
43,5,46,8,1
43,5,47,1,4
43,5,48,61,3
43,5,49,18,4
43,5,50,49,4
43,5,51,2,3
43,5,51,88,4
43,5,52,66,4
43,5,53,39,3
43,5,54,34,1
43,5,55,17,3
43,5,56,47,4
43,5,57,10,1
43,5,58,55,1
43,5,59,21,3
43,5,60,75,2
43,6,1,86,1
43,6,2,41,4
43,6,3,45,1
43,6,4,20,2
43,6,5,76,1
43,6,6,25,3
43,6,7,30,3
43,6,8,31,1
43,6,9,24,2
43,6,10,64,2
43,6,11,81,2
43,6,12,3,3
43,6,13,40,4
43,6,14,96,2
43,6,15,80,3
43,6,16,87,3
43,6,17,70,1
43,6,18,58,2
43,6,19,51,4
43,6,20,23,4
43,6,21,35,3
43,6,22,92,1
43,6,23,46,1
43,6,24,79,3
43,6,25,56,1
43,6,26,59,4
43,6,27,78,3
43,6,28,67,2
43,6,29,15,2
43,6,30,5,4
43,6,31,16,3
43,6,32,6,2
43,6,33,4,2
43,6,34,91,4
43,6,35,84,1
43,6,36,69,2
43,6,37,50,4
43,6,38,73,3
43,6,39,48,4
43,6,40,38,2
43,6,41,53,4
43,6,42,60,1
43,6,43,82,1
43,6,44,14,3
43,6,45,74,3
43,6,46,36,1
43,6,47,26,1
43,6,48,72,2
43,6,49,76,2
43,6,50,22,3
43,6,51,75,4
43,6,52,79,3
43,6,53,94,3
43,6,54,92,3
43,6,55,58,2
43,6,56,7,4
43,6,57,32,3
43,6,58,16,1
43,6,59,71,1
43,6,60,53,2
43,7,1,73,3
43,7,2,4,3
43,7,3,9,4
43,7,4,74,3
43,7,5,67,1
43,7,6,85,1
43,7,7,25,3
43,7,8,6,3
43,7,9,52,2
43,7,10,87,4
43,7,11,96,3
43,7,12,30,1
43,7,13,82,3
43,7,14,1,2
43,7,15,95,4
43,7,16,42,2
43,7,17,39,3
43,7,18,83,1
43,7,19,8,1
43,7,20,2,3
43,7,20,88,4
43,7,21,31,2
43,7,22,44,2
43,7,23,59,1
43,7,24,35,1
43,7,25,69,2
43,7,26,84,3
43,7,27,89,4
43,7,28,43,4
43,7,29,11,3
43,7,30,91,1
43,7,31,47,4
43,7,32,46,4
43,7,33,88,3
43,7,34,54,1
43,7,35,38,4
43,7,36,40,2
43,7,37,90,2
43,7,38,36,3
43,7,39,13,4
43,7,40,12,2
43,7,41,56,1
43,7,42,3,1
43,7,43,51,3
43,7,44,86,1
43,7,45,20,1
43,7,46,64,2
43,7,47,10,1
43,7,48,33,2
43,7,49,37,4
43,7,50,5,2
43,7,51,17,2
43,7,52,72,2
43,7,53,45,1
43,7,54,28,2
43,7,55,60,1
43,7,56,68,4
43,7,57,15,3
43,7,58,48,3
43,7,59,78,4
43,7,60,21,1
44,1,1,8,2
44,1,2,11,3
44,1,3,22,4
44,1,4,5,3
44,1,5,12,2
44,1,6,6,1
44,1,7,17,3
44,1,8,2,2
44,1,9,4,1
44,1,10,23,3
44,1,11,19,4
44,1,12,21,4
44,1,13,1,1
44,1,14,16,1
44,1,15,14,4
44,1,16,13,2
44,1,17,7,2
44,1,18,3,1
44,1,19,24,4
44,1,20,18,1
44,1,21,9,2
44,1,22,15,3
44,1,23,20,2
44,1,24,10,3
44,2,1,62,3
44,2,2,39,4
44,2,3,32,1
44,2,4,95,3
44,2,5,18,4
44,2,6,29,2
44,2,7,59,1
44,2,8,72,3
44,2,9,52,3
44,2,10,85,2
44,2,11,31,4
44,2,12,17,3
44,2,13,93,2
44,2,14,11,4
44,2,15,96,3
44,2,16,55,3
44,2,17,65,2
44,2,18,5,4
44,2,19,76,2
44,2,20,78,1
44,2,21,47,2
44,2,22,94,1
44,2,23,58,2
44,2,24,28,4
44,2,25,10,3
44,2,26,71,3
44,2,27,23,1
44,2,28,68,4
44,2,29,46,2
44,2,30,83,3
44,2,31,19,2
44,2,32,50,1
44,2,33,42,4
44,2,34,45,1
44,2,35,69,4
44,2,36,3,3
44,2,37,22,2
44,2,38,60,1
44,2,39,15,3
44,2,40,84,3
44,2,41,79,1
44,2,42,35,3
44,2,43,73,2
44,2,44,90,2
44,2,45,92,2
44,2,46,4,1
44,2,47,13,4
44,2,48,1,2
44,2,49,33,2
44,2,50,20,2
44,2,51,80,1
44,2,52,51,4
44,2,53,6,2
44,2,54,43,2
44,2,55,49,1
44,2,56,67,4
44,2,57,16,3
44,2,58,41,4
44,2,59,87,2
44,2,60,88,2
44,3,1,37,1
44,3,2,86,1
44,3,3,77,2
44,3,4,64,2
44,3,5,2,4
44,3,6,12,1
44,3,7,9,4
44,3,8,57,4
44,3,9,26,3
44,3,10,40,4
44,3,11,36,1
44,3,12,34,1
44,3,13,30,3
44,3,14,7,3
44,3,15,89,4
44,3,16,81,2
44,3,17,44,4
44,3,18,24,1
44,3,19,82,1
44,3,20,53,3
44,3,21,70,2
44,3,22,54,1
44,3,23,27,3
44,3,24,74,2
44,3,25,75,3
44,3,26,63,1
44,3,27,61,1
44,3,28,48,4
44,3,29,21,1
44,3,30,91,3
44,3,31,56,4
44,3,32,8,1
44,3,33,66,2
44,3,34,25,3
44,3,35,14,1
44,3,36,38,2
44,3,37,16,3
44,3,38,91,3
44,3,39,11,3
44,3,40,28,3
44,3,41,83,3
44,3,42,10,2
44,3,43,93,2
44,3,44,65,2
44,3,45,36,4
44,3,46,51,2
44,3,47,76,2
44,3,48,57,4
44,3,49,68,4
44,3,50,50,1
44,3,51,69,2
44,3,52,2,2
44,3,53,62,4
44,3,54,84,2
44,3,55,30,2
44,3,56,92,4
44,3,57,78,2
44,3,58,88,3
44,3,59,90,2
44,3,60,17,3
44,4,1,94,1
44,4,2,80,1
44,4,3,52,3
44,4,4,15,3
44,4,5,40,4
44,4,6,12,3
44,4,7,19,3
44,4,8,47,1
44,4,9,45,3
44,4,10,66,4
44,4,11,9,2
44,4,12,31,4
44,4,13,46,1
44,4,14,72,1
44,4,15,14,4
44,4,16,55,2
44,4,17,81,3
44,4,18,82,3
44,4,19,86,1
44,4,20,48,3
44,4,21,22,2
44,4,22,43,1
44,4,23,3,1
44,4,24,49,1
44,4,25,60,1
44,4,26,54,4
44,4,27,37,3
44,4,28,89,3
44,4,29,39,3
44,4,30,67,4
44,4,31,38,1
44,4,32,24,4
44,4,33,75,1
44,4,34,96,3
44,4,35,53,3
44,4,36,21,2
44,4,37,23,3
44,4,38,32,1
44,4,39,27,4
44,4,40,85,1
44,4,41,74,2
44,4,42,6,4
44,4,43,70,3
44,4,44,44,3
44,4,45,59,1
44,4,46,42,2
44,4,47,26,2
44,4,48,95,3
44,4,49,56,2
44,4,50,71,4
44,4,51,25,1
44,4,52,58,2
44,4,53,5,4
44,4,54,79,3
44,4,55,77,3
44,4,56,20,2
44,4,57,34,3
44,4,58,4,4
44,4,59,7,4
44,4,60,18,1
44,5,1,1,1
44,5,2,33,1
44,5,3,41,3
44,5,4,87,1
44,5,5,73,3
44,5,6,64,4
44,5,7,61,2
44,5,8,63,3
44,5,9,35,4
44,5,10,13,2
44,5,11,29,1
44,5,12,8,2
44,5,13,73,1
44,5,14,72,4
44,5,15,86,2
44,5,16,2,3
44,5,16,88,4
44,5,17,15,2
44,5,18,63,2
44,5,19,64,2
44,5,20,75,1
44,5,21,77,3
44,5,22,18,1
44,5,23,34,3
44,5,24,23,4
44,5,25,49,1
44,5,26,50,1
44,5,27,19,4
44,5,28,27,3
44,5,29,93,4
44,5,30,56,1
44,5,31,84,1
44,5,32,29,2
44,5,33,60,2
44,5,34,89,1
44,5,35,65,1
44,5,36,82,2
44,5,37,45,1
44,5,38,54,4
44,5,39,55,1
44,5,40,67,4
44,5,41,25,1
44,5,42,6,3
44,5,43,22,4
44,5,44,83,1
44,5,45,35,3
44,5,46,11,3
44,5,47,44,2
44,5,48,7,1
44,5,49,69,3
44,5,50,2,3
44,5,50,88,4
44,5,51,41,2
44,5,52,85,2
44,5,53,38,4
44,5,54,31,3
44,5,55,53,3
44,5,56,58,2
44,5,57,40,2
44,5,58,70,3
44,5,59,79,2
44,5,60,47,1
44,6,1,1,4
44,6,2,8,2
44,6,3,46,3
44,6,4,28,3
44,6,5,94,3
44,6,6,24,2
44,6,7,4,3
44,6,8,17,2
44,6,9,90,2
44,6,10,68,1
44,6,11,62,3
44,6,12,13,1
44,6,13,51,1
44,6,14,30,4
44,6,15,14,1
44,6,16,16,3
44,6,17,32,3
44,6,18,36,1
44,6,19,39,3
44,6,20,81,3
44,6,21,76,3
44,6,22,91,4
44,6,23,33,4
44,6,24,92,2
44,6,25,74,3
44,6,26,61,4
44,6,27,80,2
44,6,28,42,2
44,6,29,5,2
44,6,30,21,4
44,6,31,96,4
44,6,32,59,3
44,6,33,26,3
44,6,34,12,2
44,6,35,52,4
44,6,36,71,4
44,6,37,20,1
44,6,38,78,2
44,6,39,9,3
44,6,40,3,4
44,6,41,10,2
44,6,42,48,2
44,6,43,57,3
44,6,44,87,3
44,6,45,95,2
44,6,46,43,4
44,6,47,37,3
44,6,48,66,1
44,6,49,84,4
44,6,50,12,4
44,6,51,24,1
44,6,52,60,4
44,6,53,51,1
44,6,54,40,1
44,6,55,39,3
44,6,56,27,3
44,6,57,21,3
44,6,58,93,1
44,6,59,23,1
44,6,60,74,2
44,7,1,79,1
44,7,2,49,3
44,7,3,58,4
44,7,4,66,4
44,7,5,89,4
44,7,6,68,4
44,7,7,20,2
44,7,8,42,1
44,7,9,52,2
44,7,10,85,3
44,7,11,54,4
44,7,12,26,4
44,7,13,8,4
44,7,14,75,3
44,7,15,81,4
44,7,16,78,1
44,7,17,82,4
44,7,18,3,4
44,7,19,53,1
44,7,20,87,4
44,7,21,71,3
44,7,22,1,2
44,7,23,92,3
44,7,24,33,3
44,7,25,28,2
44,7,26,86,4
44,7,27,22,1
44,7,28,91,4
44,7,29,36,2
44,7,30,41,4
44,7,31,44,4
44,7,32,2,2
44,7,33,46,2
44,7,34,69,3
44,7,35,37,3
44,7,36,73,1
44,7,37,48,2
44,7,38,55,1
44,7,39,45,2
44,7,40,34,2
44,7,41,17,2
44,7,42,70,1
44,7,43,5,3
44,7,44,13,3
44,7,45,67,1
44,7,46,31,1
44,7,47,9,3
44,7,48,56,3
44,7,49,4,4
44,7,50,57,1
44,7,51,96,2
44,7,52,15,3
44,7,53,65,1
44,7,54,83,1
44,7,55,6,4
44,7,56,25,1
44,7,57,80,4
44,7,58,19,3
44,7,59,16,3
44,7,60,7,3
45,1,1,23,3
45,1,2,3,3
45,1,3,2,2
45,1,4,16,2
45,1,5,20,4
45,1,6,22,1
45,1,7,5,3
45,1,8,10,3
45,1,9,1,1
45,1,10,11,4
45,1,11,17,2
45,1,12,24,4
45,1,13,15,4
45,1,14,8,2
45,1,15,19,1
45,1,16,4,2
45,1,17,13,3
45,1,18,18,4
45,1,19,12,2
45,1,20,7,3
45,1,21,6,2
45,1,22,9,4
45,1,23,21,1
45,1,24,14,4
45,2,1,48,2
45,2,2,40,1
45,2,3,91,2
45,2,4,58,3
45,2,5,1,4
45,2,6,34,3
45,2,7,18,1
45,2,8,45,1
45,2,9,84,4
45,2,10,73,3
45,2,11,25,2
45,2,12,85,4
45,2,13,56,1
45,2,14,12,1
45,2,15,17,2
45,2,16,27,4
45,2,17,14,3
45,2,18,43,4
45,2,19,46,3
45,2,20,53,3
45,2,21,81,2
45,2,22,96,3
45,2,23,22,1
45,2,24,5,2
45,2,25,67,1
45,2,26,26,3
45,2,27,55,3
45,2,28,7,2
45,2,29,89,3
45,2,30,77,2
45,2,31,31,2
45,2,32,33,2
45,2,33,38,2
45,2,34,29,1
45,2,35,78,3
45,2,36,41,3
45,2,37,61,2
45,2,38,49,2
45,2,39,79,1
45,2,40,75,4
45,2,41,51,3
45,2,42,59,4
45,2,43,93,4
45,2,44,94,1
45,2,45,30,3
45,2,46,64,2
45,2,47,37,3
45,2,48,36,3
45,2,49,60,4
45,2,50,95,3
45,2,51,23,2
45,2,52,3,4
45,2,53,66,3
45,2,54,19,2
45,2,55,8,4
45,2,56,16,4
45,2,57,44,1
45,2,58,15,3
45,2,59,62,1
45,2,60,74,3
45,3,1,65,2
45,3,2,52,2
45,3,3,13,2
45,3,4,70,1
45,3,5,21,2
45,3,6,11,3
45,3,7,71,2
45,3,8,87,4
45,3,9,54,2
45,3,10,50,3
45,3,11,20,2
45,3,12,32,3
45,3,13,90,2
45,3,14,6,2
45,3,15,82,1
45,3,16,2,3
45,3,16,88,4
45,3,17,83,1
45,3,18,4,3
45,3,19,80,1
45,3,20,47,4
45,3,21,39,2
45,3,22,28,4
45,3,23,24,3
45,3,24,92,3
45,3,25,86,3
45,3,26,68,4
45,3,27,42,2
45,3,28,63,2
45,3,29,72,4
45,3,30,10,1
45,3,31,69,2
45,3,32,88,3
45,3,33,76,1
45,3,34,9,4
45,3,35,35,4
45,3,36,57,4
45,3,37,78,1
45,3,38,26,4
45,3,39,64,2
45,3,40,24,3
45,3,41,2,2
45,3,42,11,2
45,3,43,80,4
45,3,44,86,1
45,3,45,59,3
45,3,46,94,3
45,3,47,89,2
45,3,48,44,1
45,3,49,32,3
45,3,50,95,2
45,3,51,87,1
45,3,52,91,1
45,3,53,74,4
45,3,54,28,1
45,3,55,10,1
45,3,56,31,3
45,3,57,7,4
45,3,58,57,2
45,3,59,47,1
45,3,60,79,2
45,4,1,93,1
45,4,2,50,2
45,4,3,90,2
45,4,4,73,1
45,4,5,56,1
45,4,6,33,2
45,4,7,1,2
45,4,8,18,2
45,4,9,6,4
45,4,10,96,1
45,4,11,69,3
45,4,12,55,4
45,4,13,77,3
45,4,14,52,3
45,4,15,13,2
45,4,16,37,1
45,4,17,25,1
45,4,18,62,2
45,4,19,51,3
45,4,20,92,1
45,4,21,14,1
45,4,22,39,2
45,4,23,66,3
45,4,24,9,1
45,4,25,48,2
45,4,26,70,3
45,4,27,35,2
45,4,28,46,4
45,4,29,45,1
45,4,30,82,4
45,4,31,72,2
45,4,32,12,4
45,4,33,19,1
45,4,34,22,2
45,4,35,71,2
45,4,36,67,2
45,4,37,16,2
45,4,38,38,4
45,4,39,5,3
45,4,40,49,1
45,4,41,76,3
45,4,42,23,2
45,4,43,75,1
45,4,44,84,3
45,4,45,40,2
45,4,46,81,2
45,4,47,54,3
45,4,48,53,4
45,4,49,4,3
45,4,50,42,1
45,4,51,17,3
45,4,52,34,2
45,4,53,83,4
45,4,54,15,3
45,4,55,29,4
45,4,56,21,2
45,4,57,3,3
45,4,58,41,1
45,4,59,8,3
45,4,60,65,2
45,5,1,43,1
45,5,2,36,3
45,5,3,85,2
45,5,4,61,2
45,5,5,60,1
45,5,6,30,2
45,5,7,2,3
45,5,7,88,4
45,5,8,20,1
45,5,9,68,3
45,5,10,27,4
45,5,11,58,1
45,5,12,63,4
45,5,13,32,4
45,5,14,94,1
45,5,15,4,3
45,5,16,81,2
45,5,17,80,1
45,5,18,57,2
45,5,19,41,1
45,5,20,11,3
45,5,21,78,2
45,5,22,50,4
45,5,23,54,3
45,5,24,40,2
45,5,25,53,4
45,5,26,14,2
45,5,27,71,3
45,5,28,13,3
45,5,29,10,4
45,5,30,96,1
45,5,31,17,1
45,5,32,64,1
45,5,33,69,2
45,5,34,36,2
45,5,35,12,1
45,5,36,55,1
45,5,37,35,2
45,5,38,8,2
45,5,39,49,4
45,5,40,37,2
45,5,41,84,3
45,5,42,39,3
45,5,43,29,1
45,5,44,28,1
45,5,45,1,2
45,5,46,72,3
45,5,47,68,3
45,5,48,3,1
45,5,49,93,1
45,5,50,5,1
45,5,51,67,3
45,5,52,15,2
45,5,53,65,4
45,5,54,45,4
45,5,55,56,1
45,5,56,30,4
45,5,57,63,2
45,5,58,82,1
45,5,59,7,3
45,5,60,77,3
45,6,1,20,3
45,6,2,58,2
45,6,3,52,3
45,6,4,70,2
45,6,5,87,3
45,6,6,66,3
45,6,7,34,3
45,6,8,75,4
45,6,9,73,4
45,6,10,74,1
45,6,11,60,2
45,6,12,92,1
45,6,13,86,2
45,6,14,38,3
45,6,15,76,3
45,6,16,6,2
45,6,17,19,2
45,6,18,95,4
45,6,19,85,1
45,6,20,59,4
45,6,21,91,1
45,6,22,43,1
45,6,23,31,4
45,6,24,22,3
45,6,25,2,2
45,6,26,42,2
45,6,27,26,2
45,6,28,23,1
45,6,29,47,3
45,6,30,27,2
45,6,31,25,4
45,6,32,51,4
45,6,33,9,4
45,6,34,21,4
45,6,35,44,3
45,6,36,24,2
45,6,37,79,2
45,6,38,88,2
45,6,39,18,1
45,6,40,33,3
45,6,41,16,3
45,6,42,46,2
45,6,43,83,4
45,6,44,48,3
45,6,45,89,3
45,6,46,61,1
45,6,47,62,3
45,6,48,90,2
45,6,49,8,3
45,6,50,81,3
45,6,51,16,2
45,6,52,18,3
45,6,53,66,1
45,6,54,50,3
45,6,55,32,4
45,6,56,75,4
45,6,57,4,3
45,6,58,21,3
45,6,59,10,1
45,6,60,80,1
45,7,1,46,2
45,7,2,92,3
45,7,3,85,1
45,7,4,78,1
45,7,5,26,2
45,7,6,55,4
45,7,7,71,1
45,7,8,57,2
45,7,9,9,2
45,7,10,27,4
45,7,11,11,3
45,7,12,94,4
45,7,13,7,1
45,7,14,63,4
45,7,15,67,3
45,7,16,58,3
45,7,17,39,2
45,7,18,83,1
45,7,19,22,3
45,7,20,17,4
45,7,21,36,1
45,7,22,48,2
45,7,23,28,4
45,7,24,6,2
45,7,25,95,1
45,7,26,62,1
45,7,27,76,1
45,7,28,74,2
45,7,29,64,2
45,7,30,44,4
45,7,31,43,3
45,7,32,82,2
45,7,33,54,3
45,7,34,33,3
45,7,35,38,2
45,7,36,41,1
45,7,37,87,2
45,7,38,42,2
45,7,39,91,2
45,7,40,45,2
45,7,41,59,1
45,7,42,96,3
45,7,43,1,4
45,7,44,69,1
45,7,45,47,3
45,7,46,2,3
45,7,46,88,4
45,7,47,51,3
45,7,48,52,3
45,7,49,24,1
45,7,50,61,2
45,7,51,53,2
45,7,52,90,3
45,7,53,35,1
45,7,54,2,3
45,7,54,88,4
45,7,55,60,3
45,7,56,70,4
45,7,57,23,2
45,7,58,14,2
45,7,59,15,4
45,7,60,5,3
48,1,1,10,1
48,1,2,21,2
48,1,3,14,3
48,1,4,19,1
48,1,5,24,2
48,1,6,17,1
48,1,7,2,1
48,1,8,22,4
48,1,9,3,3
48,1,10,7,4
48,1,11,13,3
48,1,12,12,1
48,1,13,23,4
48,1,14,20,2
48,1,15,8,3
48,1,16,5,2
48,1,17,18,2
48,1,18,15,2
48,1,19,11,3
48,1,20,9,1
48,1,21,4,3
48,1,22,16,4
48,1,23,1,3
48,1,24,6,4
48,2,1,2,1
48,2,2,7,4
48,2,3,31,1
48,2,4,53,2
48,2,5,77,4
48,2,6,64,1
48,2,7,85,3
48,2,8,28,1
48,2,9,37,4
48,2,10,70,2
48,2,11,51,4
48,2,12,18,1
48,2,13,78,1
48,2,14,71,1
48,2,15,76,3
48,2,16,45,3
48,2,17,93,2
48,2,18,34,3
48,2,19,66,3
48,2,20,27,1
48,2,21,22,3
48,2,22,55,1
48,2,23,52,1
48,2,24,43,1
48,2,25,91,1
48,2,26,6,1
48,2,27,33,3
48,2,28,30,2
48,2,29,15,2
48,2,30,80,2
48,2,31,38,2
48,2,32,39,3
48,2,33,74,1
48,2,34,13,3
48,2,35,86,3
48,2,36,10,3
48,2,37,5,4
48,2,38,46,2
48,2,39,32,3
48,2,40,89,4
48,2,41,68,3
48,2,42,73,3
48,2,43,81,2
48,2,44,47,2
48,2,45,63,2
48,2,46,79,3
48,2,47,24,3
48,2,48,72,1
48,2,49,94,4
48,2,50,58,3
48,2,51,67,1
48,2,52,56,1
48,2,53,4,1
48,2,54,88,2
48,2,55,84,4
48,2,56,69,4
48,2,57,62,4
48,2,58,92,4
48,2,59,61,2
48,2,60,54,3
48,3,1,83,1
48,3,2,95,3
48,3,3,59,1
48,3,4,49,3
48,3,5,87,3
48,3,6,60,3
48,3,7,65,3
48,3,8,1,4
48,3,9,36,3
48,3,10,50,2
48,3,11,17,1
48,3,12,12,3
48,3,13,25,2
48,3,14,26,3
48,3,15,96,3
48,3,16,19,2
48,3,17,23,1
48,3,18,75,1
48,3,19,8,3
48,3,20,16,4
48,3,21,57,1
48,3,22,90,2
48,3,23,41,3
48,3,24,14,3
48,3,25,29,3
48,3,26,40,2
48,3,27,35,1
48,3,28,3,4
48,3,29,11,3
48,3,30,9,3
48,3,31,20,2
48,3,32,42,4
48,3,33,21,1
48,3,34,44,1
48,3,35,48,2
48,3,36,82,3
48,3,37,50,2
48,3,38,56,3
48,3,39,76,3
48,3,40,74,2
48,3,41,25,1
48,3,42,80,1
48,3,43,42,3
48,3,44,51,3
48,3,45,17,2
48,3,46,59,2
48,3,47,78,2
48,3,48,35,2
48,3,49,34,1
48,3,50,21,4
48,3,51,27,2
48,3,52,16,2
48,3,53,31,2
48,3,54,48,4
48,3,55,24,1
48,3,56,19,3
48,3,57,92,2
48,3,58,95,1
48,3,59,53,2
48,3,60,72,2
48,4,1,68,2
48,4,2,33,1
48,4,3,29,1
48,4,4,93,4
48,4,5,85,3
48,4,6,26,1
48,4,7,4,2
48,4,8,75,1
48,4,9,90,2
48,4,10,36,3
48,4,11,44,3
48,4,12,11,1
48,4,13,55,2
48,4,14,13,2
48,4,15,84,3
48,4,16,66,2
48,4,17,94,1
48,4,18,40,1
48,4,19,88,2
48,4,20,82,2
48,4,21,52,2
48,4,22,20,3
48,4,23,67,1
48,4,24,43,4
48,4,25,83,4
48,4,26,49,3
48,4,27,8,3
48,4,28,91,1
48,4,29,1,4
48,4,30,3,4
48,4,31,69,3
48,4,32,10,2
48,4,33,57,2
48,4,34,89,4
48,4,35,77,4
48,4,36,64,3
48,4,37,54,2
48,4,38,28,1
48,4,39,46,3
48,4,40,79,1
48,4,41,15,4
48,4,42,45,3
48,4,43,14,3
48,4,44,32,3
48,4,45,47,4
48,4,46,73,2
48,4,47,9,4
48,4,48,86,3
48,4,49,96,2
48,4,50,12,3
48,4,51,61,3
48,4,52,6,4
48,4,53,38,2
48,4,54,63,4
48,4,55,60,4
48,4,56,5,1
48,4,57,70,2
48,4,58,18,2
48,4,59,58,4
48,4,60,65,2
48,5,1,2,3
48,5,1,88,4
48,5,2,71,4
48,5,3,22,1
48,5,4,81,1
48,5,5,7,1
48,5,6,62,2
48,5,7,37,3
48,5,8,39,4
48,5,9,87,2
48,5,10,23,3
48,5,11,41,3
48,5,12,30,3
48,5,13,32,1
48,5,14,71,4
48,5,15,44,4
48,5,16,53,3
48,5,17,12,3
48,5,18,60,1
48,5,19,88,3
48,5,20,47,3
48,5,21,59,2
48,5,22,84,4
48,5,23,95,1
48,5,24,63,2
48,5,25,38,1
48,5,26,69,3
48,5,27,9,3
48,5,28,80,2
48,5,29,90,3
48,5,30,42,2
48,5,31,10,2
48,5,32,74,3
48,5,33,7,4
48,5,34,93,3
48,5,35,28,1
48,5,36,13,1
48,5,37,61,2
48,5,38,79,2
48,5,39,77,2
48,5,40,68,3
48,5,41,86,3
48,5,42,62,2
48,5,43,54,3
48,5,44,73,2
48,5,45,51,2
48,5,46,92,3
48,5,47,31,3
48,5,48,52,4
48,5,49,48,2
48,5,50,29,3
48,5,51,6,3
48,5,52,91,1
48,5,53,24,3
48,5,54,26,1
48,5,55,15,3
48,5,56,76,3
48,5,57,36,3
48,5,58,23,3
48,5,59,30,1
48,5,60,37,3
48,6,1,1,2
48,6,2,41,1
48,6,3,20,1
48,6,4,82,2
48,6,5,33,2
48,6,6,83,4
48,6,7,57,2
48,6,8,3,1
48,6,9,4,3
48,6,10,72,4
48,6,11,11,2
48,6,12,78,2
48,6,13,34,3
48,6,14,5,2
48,6,15,87,2
48,6,16,43,1
48,6,17,14,1
48,6,18,85,3
48,6,19,2,1
48,6,20,27,1
48,6,21,56,2
48,6,22,65,2
48,6,23,45,1
48,6,24,46,2
48,6,25,22,1
48,6,26,17,3
48,6,27,55,2
48,6,28,58,3
48,6,29,81,2
48,6,30,35,3
48,6,31,18,2
48,6,32,66,4
48,6,33,16,3
48,6,34,8,3
48,6,35,21,3
48,6,36,40,4
48,6,37,39,4
48,6,38,89,1
48,6,39,94,4
48,6,40,75,2
48,6,41,64,1
48,6,42,67,4
48,6,43,96,2
48,6,44,50,4
48,6,45,70,1
48,6,46,49,4
48,6,47,19,4
48,6,48,25,1
48,6,49,46,3
48,6,50,30,2
48,6,51,10,3
48,6,52,49,4
48,6,53,83,2
48,6,54,72,3
48,6,55,70,4
48,6,56,26,4
48,6,57,59,1
48,6,58,78,3
48,6,59,37,3
48,6,60,22,3
48,7,1,8,1
48,7,2,25,2
48,7,3,9,3
48,7,4,27,1
48,7,5,84,2
48,7,6,19,2
48,7,7,54,4
48,7,8,65,2
48,7,9,85,3
48,7,10,63,2
48,7,11,34,1
48,7,12,29,2
48,7,13,5,4
48,7,14,36,3
48,7,15,32,4
48,7,16,12,4
48,7,17,66,3
48,7,18,95,1
48,7,19,31,3
48,7,20,69,2
48,7,21,91,1
48,7,22,55,2
48,7,23,48,2
48,7,24,24,1
48,7,25,6,3
48,7,26,81,2
48,7,27,51,2
48,7,28,67,3
48,7,29,56,2
48,7,30,33,1
48,7,31,1,2
48,7,32,2,3
48,7,32,88,4
48,7,33,28,4
48,7,34,14,3
48,7,35,38,4
48,7,36,71,3
48,7,37,42,1
48,7,38,20,1
48,7,39,94,2
48,7,40,47,4
48,7,41,13,4
48,7,42,89,4
48,7,43,17,2
48,7,44,86,3
48,7,45,61,2
48,7,46,53,2
48,7,47,45,2
48,7,48,90,1
48,7,49,82,3
48,7,50,18,2
48,7,51,16,2
48,7,52,64,2
48,7,53,76,1
48,7,54,23,4
48,7,55,92,1
48,7,56,4,3
48,7,57,87,3
48,7,58,41,4
48,7,59,68,1
48,7,60,15,4
49,1,1,4,3
49,1,2,2,2
49,1,3,24,2
49,1,4,15,3
49,1,5,11,4
49,1,6,14,2
49,1,7,6,1
49,1,8,12,3
49,1,9,8,1
49,1,10,19,3
49,1,11,5,4
49,1,12,18,2
49,1,13,9,1
49,1,14,10,4
49,1,15,17,4
49,1,16,22,2
49,1,17,3,2
49,1,18,23,2
49,1,19,1,1
49,1,20,16,1
49,1,21,21,3
49,1,22,7,2
49,1,23,13,3
49,1,24,20,1
49,2,1,59,4
49,2,2,55,1
49,2,3,65,2
49,2,4,68,1
49,2,5,15,3
49,2,6,1,3
49,2,7,91,3
49,2,8,61,2
49,2,9,23,4
49,2,10,27,4
49,2,11,25,2
49,2,12,5,4
49,2,13,78,3
49,2,14,40,3
49,2,15,52,4
49,2,16,31,4
49,2,17,75,3
49,2,18,32,1
49,2,19,36,3
49,2,20,81,2
49,2,21,47,3
49,2,22,58,1
49,2,23,26,1
49,2,24,84,2
49,2,25,54,1
49,2,26,11,1
49,2,27,42,3
49,2,28,4,3
49,2,29,10,2
49,2,30,20,3
49,2,31,33,1
49,2,32,93,1
49,2,33,83,3
49,2,34,71,4
49,2,35,92,3
49,2,36,80,4
49,2,37,72,2
49,2,38,77,1
49,2,39,63,1
49,2,40,95,2
49,2,41,87,3
49,2,42,8,3
49,2,43,46,3
49,2,44,13,2
49,2,45,48,3
49,2,46,19,3
49,2,47,3,4
49,2,48,60,4
49,2,49,73,1
49,2,50,29,3
49,2,51,88,3
49,2,52,28,4
49,2,53,64,3
49,2,54,35,2
49,2,55,30,1
49,2,56,90,1
49,2,57,69,2
49,2,58,37,3
49,2,59,2,3
49,2,59,88,4
49,2,60,57,1
49,3,1,38,2
49,3,2,76,3
49,3,3,82,2
49,3,4,41,1
49,3,5,96,1
49,3,6,79,2
49,3,7,94,2
49,3,8,18,2
49,3,9,51,4
49,3,10,6,2
49,3,11,7,4
49,3,12,66,1
49,3,13,22,2
49,3,14,44,4
49,3,15,85,3
49,3,16,39,3
49,3,17,21,2
49,3,18,89,2
49,3,19,14,3
49,3,20,45,2
49,3,21,17,1
49,3,22,56,2
49,3,23,9,3
49,3,24,67,2
49,3,25,16,2
49,3,26,43,4
49,3,27,62,2
49,3,28,70,3
49,3,29,34,1
49,3,30,50,3
49,3,31,53,4
49,3,32,49,1
49,3,33,86,1
49,3,34,74,4
49,3,35,12,1
49,3,36,24,3
49,3,37,93,4
49,3,38,45,1
49,3,39,59,4
49,3,40,16,3
49,3,41,83,2
49,3,42,88,3
49,3,43,23,3
49,3,44,96,3
49,3,45,81,3
49,3,46,84,2
49,3,47,40,3
49,3,48,32,3
49,3,49,66,3
49,3,50,13,2
49,3,51,3,3
49,3,52,24,3
49,3,53,77,3
49,3,54,50,3
49,3,55,92,4
49,3,56,30,2
49,3,57,20,3
49,3,58,46,4
49,3,59,36,1
49,3,60,79,3
49,4,1,25,2
49,4,2,65,3
49,4,3,15,1
49,4,4,44,2
49,4,5,58,2
49,4,6,6,4
49,4,7,38,4
49,4,8,41,3
49,4,9,68,3
49,4,10,22,1
49,4,11,73,1
49,4,12,10,2
49,4,13,7,1
49,4,14,18,4
49,4,15,47,1
49,4,16,61,2
49,4,17,12,4
49,4,18,67,3
49,4,19,35,2
49,4,20,49,3
49,4,21,28,3
49,4,22,51,4
49,4,23,48,4
49,4,24,90,1
49,4,25,89,1
49,4,26,33,2
49,4,27,11,1
49,4,28,63,4
49,4,29,70,2
49,4,30,1,2
49,4,31,69,4
49,4,32,37,3
49,4,33,64,2
49,4,34,52,1
49,4,35,78,2
49,4,36,34,2
49,4,37,76,3
49,4,38,4,3
49,4,39,5,2
49,4,40,57,1
49,4,41,62,2
49,4,42,75,2
49,4,43,80,1
49,4,44,85,3
49,4,45,82,2
49,4,46,43,2
49,4,47,14,2
49,4,48,42,3
49,4,49,21,3
49,4,50,56,3
49,4,51,17,1
49,4,52,9,3
49,4,53,53,4
49,4,54,29,3
49,4,55,87,3
49,4,56,91,1
49,4,57,8,1
49,4,58,94,4
49,4,59,95,3
49,4,60,55,4
49,5,1,72,3
49,5,2,2,2
49,5,3,86,1
49,5,4,27,4
49,5,5,54,4
49,5,6,19,4
49,5,7,39,1
49,5,8,74,3
49,5,9,31,2
49,5,10,26,2
49,5,11,60,2
49,5,12,71,1
49,5,13,64,4
49,5,14,69,1
49,5,15,51,1
49,5,16,71,4
49,5,17,96,3
49,5,18,38,2
49,5,19,24,3
49,5,20,61,2
49,5,21,21,2
49,5,22,23,1
49,5,23,18,2
49,5,24,34,1
49,5,25,53,4
49,5,26,65,2
49,5,27,46,2
49,5,28,75,2
49,5,29,6,3
49,5,30,42,1
49,5,31,4,4
49,5,32,39,3
49,5,33,84,2
49,5,34,49,2
49,5,35,77,3
49,5,36,66,3
49,5,37,83,4
49,5,38,35,4
49,5,39,57,2
49,5,40,7,2
49,5,41,28,1
49,5,42,85,2
49,5,43,60,4
49,5,44,11,3
49,5,45,12,3
49,5,46,43,4
49,5,47,86,1
49,5,48,67,3
49,5,49,58,3
49,5,50,16,2
49,5,51,81,4
49,5,52,44,1
49,5,53,48,2
49,5,54,17,3
49,5,55,15,2
49,5,56,10,1
49,5,57,78,1
49,5,58,13,2
49,5,59,92,2
49,5,60,2,3
49,5,60,88,4
49,6,1,25,2
49,6,2,89,3
49,6,3,74,1
49,6,4,27,4
49,6,5,19,4
49,6,6,90,3
49,6,7,63,3
49,6,8,80,4
49,6,9,70,3
49,6,10,72,4
49,6,11,41,3
49,6,12,68,3
49,6,13,1,4
49,6,14,33,2
49,6,15,9,3
49,6,16,73,2
49,6,17,26,2
49,6,18,31,4
49,6,19,22,1
49,6,20,94,2
49,6,21,5,4
49,6,22,93,4
49,6,23,47,3
49,6,24,91,2
49,6,25,52,4
49,6,26,40,1
49,6,27,29,2
49,6,28,54,1
49,6,29,62,3
49,6,30,45,1
49,6,31,87,3
49,6,32,82,2
49,6,33,95,4
49,6,34,32,4
49,6,35,55,1
49,6,36,36,2
49,6,37,8,2
49,6,38,37,3
49,6,39,76,1
49,6,40,20,2
49,6,41,14,3
49,6,42,30,3
49,6,43,50,3
49,6,44,79,2
49,6,45,56,4
49,6,46,3,4
49,6,47,88,2
49,6,48,59,3
49,6,49,92,4
49,6,50,87,3
49,6,51,81,4
49,6,52,91,1
49,6,53,72,2
49,6,54,21,2
49,6,55,57,2
49,6,56,53,2
49,6,57,48,4
49,6,58,70,4
49,6,59,71,3
49,6,60,20,3
49,7,1,44,1
49,7,2,59,1
49,7,3,82,2
49,7,4,89,2
49,7,5,85,3
49,7,6,76,2
49,7,7,39,4
49,7,8,1,4
49,7,9,19,2
49,7,10,36,4
49,7,11,15,3
49,7,12,9,3
49,7,13,24,1
49,7,14,23,3
49,7,15,64,2
49,7,16,68,3
49,7,17,46,3
49,7,18,43,2
49,7,19,37,2
49,7,20,10,2
49,7,21,4,1
49,7,22,5,4
49,7,23,28,3
49,7,24,80,4
49,7,25,67,1
49,7,26,88,2
49,7,27,58,1
49,7,28,56,1
49,7,29,8,2
49,7,30,96,2
49,7,31,33,3
49,7,32,42,1
49,7,33,34,3
49,7,34,49,3
49,7,35,95,3
49,7,36,65,2
49,7,37,3,2
49,7,38,7,4
49,7,39,30,4
49,7,40,29,3
49,7,41,41,3
49,7,42,66,3
49,7,43,61,3
49,7,44,18,4
49,7,45,27,2
49,7,46,86,1
49,7,47,73,2
49,7,48,60,2
49,7,49,54,2
49,7,50,25,2
49,7,51,74,1
49,7,52,69,4
49,7,53,83,2
49,7,54,51,4
49,7,55,52,3
49,7,56,40,2
49,7,57,94,2
49,7,58,11,2
49,7,59,93,1
49,7,60,14,1
4,1,1,4,2
4,1,2,9,3
4,1,3,7,4
4,1,4,13,3
4,1,5,5,4
4,1,6,22,2
4,1,7,23,3
4,1,8,24,2
4,1,9,2,4
4,1,10,10,1
4,1,11,3,1
4,1,12,15,4
4,1,13,16,4
4,1,14,8,2
4,1,15,12,4
4,1,16,6,2
4,1,17,14,4
4,1,18,20,2
4,1,19,19,2
4,1,20,11,3
4,1,21,18,3
4,1,22,21,3
4,1,23,17,2
4,1,24,1,3
4,2,1,12,4
4,2,2,80,3
4,2,3,24,3
4,2,4,51,4
4,2,5,6,2
4,2,6,81,3
4,2,7,32,3
4,2,8,4,3
4,2,9,65,1
4,2,10,85,2
4,2,11,43,3
4,2,12,72,4
4,2,13,39,4
4,2,14,38,1
4,2,15,27,3
4,2,16,26,3
4,2,17,36,1
4,2,18,40,1
4,2,19,41,1
4,2,20,57,2
4,2,21,47,3
4,2,22,14,2
4,2,23,30,4
4,2,24,75,4
4,2,25,82,3
4,2,26,89,4
4,2,27,59,4
4,2,28,64,1
4,2,29,50,2
4,2,30,53,4
4,2,31,68,2
4,2,32,33,2
4,2,33,29,2
4,2,34,96,3
4,2,35,74,1
4,2,36,56,1
4,2,37,66,3
4,2,38,45,1
4,2,39,55,4
4,2,40,17,1
4,2,41,8,3
4,2,42,86,2
4,2,43,20,2
4,2,44,91,3
4,2,45,88,2
4,2,46,21,1
4,2,47,78,2
4,2,48,90,2
4,2,49,67,4
4,2,50,5,4
4,2,51,76,4
4,2,52,71,2
4,2,53,46,2
4,2,54,25,1
4,2,55,28,1
4,2,56,62,4
4,2,57,15,4
4,2,58,77,4
4,2,59,49,2
4,2,60,31,1
50,1,1,21,2
50,1,2,5,3
50,1,3,15,2
50,1,4,14,1
50,1,5,20,2
50,1,6,17,2
50,1,7,18,2
50,1,8,13,2
50,1,9,3,4
50,1,10,12,3
50,1,11,4,2
50,1,12,2,2
50,1,13,11,2
50,1,14,24,2
50,1,15,23,2
50,1,16,10,1
50,1,17,19,2
50,1,18,16,2
50,1,19,9,1
50,1,20,8,3
50,1,21,1,2
50,1,22,22,3
50,1,23,6,4
50,1,24,7,2
50,2,1,95,1
50,2,2,11,2
50,2,3,66,3
50,2,4,30,2
50,2,5,57,2
50,2,6,84,4
50,2,7,27,1
50,2,8,23,3
50,2,9,55,1
50,2,10,80,3
50,2,11,74,4
50,2,12,36,4
50,2,13,10,3
50,2,14,85,1
50,2,15,78,4
50,2,16,2,3
50,2,16,88,4
50,2,17,45,1
50,2,18,13,3
50,2,19,4,2
50,2,20,72,2
50,2,21,15,4
50,2,22,71,3
50,2,23,39,3
50,2,24,69,1
50,2,25,16,3
50,2,26,87,3
50,2,27,41,4
50,2,28,91,1
50,2,29,18,2
50,2,30,59,1
50,2,31,82,1
50,2,32,40,1
50,2,33,3,2
50,2,34,21,4
50,2,35,34,3
50,2,36,54,1
50,2,37,64,1
50,2,38,37,3
50,2,39,19,4
50,2,40,31,2
50,2,41,60,2
50,2,42,5,2
50,2,43,53,3
50,2,44,7,4
50,2,45,86,3
50,2,46,76,3
50,2,47,62,2
50,2,48,46,2
50,2,49,75,1
50,2,50,67,4
50,2,51,8,2
50,2,52,1,2
50,2,53,52,3
50,2,54,35,4
50,2,55,73,2
50,2,56,77,1
50,2,57,96,1
50,2,58,29,3
50,2,59,65,3
50,2,60,83,1
50,3,1,94,3
50,3,2,43,2
50,3,3,50,4
50,3,4,24,4
50,3,5,90,4
50,3,6,22,3
50,3,7,17,1
50,3,8,47,1
50,3,9,89,3
50,3,10,28,1
50,3,11,48,2
50,3,12,70,4
50,3,13,79,1
50,3,14,93,4
50,3,15,58,3
50,3,16,68,4
50,3,17,81,2
50,3,18,26,3
50,3,19,25,2
50,3,20,61,1
50,3,21,63,2
50,3,22,38,1
50,3,23,20,3
50,3,24,44,3
50,3,25,14,4
50,3,26,33,1
50,3,27,2,4
50,3,28,32,2
50,3,29,56,2
50,3,30,12,1
50,3,31,49,2
50,3,32,6,4
50,3,33,42,1
50,3,34,51,4
50,3,35,9,4
50,3,36,92,3
50,3,37,31,3
50,3,38,59,3
50,3,39,42,1
50,3,40,38,2
50,3,41,23,3
50,3,42,1,4
50,3,43,90,2
50,3,44,92,2
50,3,45,33,2
50,3,46,22,2
50,3,47,24,1
50,3,48,5,4
50,3,49,10,3
50,3,50,65,3
50,3,51,47,3
50,3,52,18,4
50,3,53,77,2
50,3,54,56,2
50,3,55,7,4
50,3,56,53,4
50,3,57,32,1
50,3,58,71,1
50,3,59,29,2
50,3,60,68,2
50,4,1,74,2
50,4,2,19,4
50,4,3,4,2
50,4,4,51,1
50,4,5,52,2
50,4,6,28,2
50,4,7,69,3
50,4,8,58,2
50,4,9,55,3
50,4,10,40,3
50,4,11,46,4
50,4,12,54,1
50,4,13,80,4
50,4,14,20,1
50,4,15,2,4
50,4,16,62,2
50,4,17,86,1
50,4,18,16,1
50,4,19,57,3
50,4,20,9,1
50,4,21,83,2
50,4,22,84,1
50,4,23,73,1
50,4,24,30,4
50,4,25,45,4
50,4,26,14,1
50,4,27,79,2
50,4,28,87,1
50,4,29,34,2
50,4,30,21,4
50,4,31,78,1
50,4,32,93,4
50,4,33,37,4
50,4,34,72,2
50,4,35,13,3
50,4,36,2,3
50,4,36,88,4
50,4,37,6,2
50,4,38,91,4
50,4,39,11,2
50,4,40,36,1
50,4,41,94,1
50,4,42,3,4
50,4,43,12,2
50,4,44,64,2
50,4,45,25,3
50,4,46,96,3
50,4,47,95,3
50,4,48,41,3
50,4,49,35,3
50,4,50,66,1
50,4,51,70,4
50,4,52,85,4
50,4,53,17,3
50,4,54,81,2
50,4,55,39,3
50,4,56,50,1
50,4,57,49,3
50,4,58,67,4
50,4,59,26,4
50,4,60,27,2
50,5,1,44,4
50,5,2,48,2
50,5,3,76,4
50,5,4,63,3
50,5,5,15,3
50,5,6,75,1
50,5,7,82,1
50,5,8,43,1
50,5,9,8,4
50,5,10,61,2
50,5,11,89,2
50,5,12,60,1
50,5,13,51,3
50,5,14,56,1
50,5,15,89,4
50,5,16,57,2
50,5,17,68,1
50,5,18,44,4
50,5,19,46,2
50,5,20,26,3
50,5,21,29,4
50,5,22,13,3
50,5,23,65,1
50,5,24,80,2
50,5,25,14,3
50,5,26,18,3
50,5,27,49,2
50,5,28,21,2
50,5,29,66,1
50,5,30,31,2
50,5,31,84,1
50,5,32,78,4
50,5,33,76,3
50,5,34,72,1
50,5,35,81,1
50,5,36,2,4
50,5,37,17,2
50,5,38,83,1
50,5,39,15,2
50,5,40,11,1
50,5,41,87,4
50,5,42,91,1
50,5,43,95,3
50,5,44,8,4
50,5,45,59,3
50,5,46,39,3
50,5,47,67,3
50,5,48,94,3
50,5,49,50,2
50,5,50,71,3
50,5,51,4,3
50,5,52,24,4
50,5,53,54,4
50,5,54,25,3
50,5,55,43,4
50,5,56,64,3
50,5,57,74,1
50,5,58,22,4
50,5,59,1,4
50,5,60,40,1
50,6,1,63,1
50,6,2,35,2
50,6,3,48,2
50,6,4,28,3
50,6,5,73,2
50,6,6,32,4
50,6,7,61,3
50,6,8,42,1
50,6,9,36,1
50,6,10,16,2
50,6,11,45,4
50,6,12,92,4
50,6,13,70,3
50,6,14,47,2
50,6,15,79,3
50,6,16,30,3
50,6,17,3,2
50,6,18,62,4
50,6,19,75,1
50,6,20,33,3
50,6,21,58,4
50,6,22,6,1
50,6,23,93,1
50,6,24,41,2
50,6,25,77,3
50,6,26,9,4
50,6,27,10,3
50,6,28,86,2
50,6,29,85,1
50,6,30,53,1
50,6,31,69,3
50,6,32,23,3
50,6,33,34,2
50,6,34,12,3
50,6,35,20,1
50,6,36,55,4
50,6,37,60,2
50,6,38,90,2
50,6,39,2,3
50,6,39,88,4
50,6,40,19,4
50,6,41,7,3
50,6,42,82,2
50,6,43,37,4
50,6,44,96,2
50,6,45,38,3
50,6,46,52,3
50,6,47,27,1
50,6,48,5,2
50,6,49,1,4
50,6,50,49,3
50,6,51,73,2
50,6,52,91,3
50,6,53,69,4
50,6,54,55,2
50,6,55,82,3
50,6,56,34,1
50,6,57,40,2
50,6,58,35,3
50,6,59,94,1
50,6,60,70,4
50,7,1,54,4
50,7,2,19,4
50,7,3,87,4
50,7,4,33,3
50,7,5,45,4
50,7,6,51,1
50,7,7,83,4
50,7,8,27,4
50,7,9,7,4
50,7,10,17,2
50,7,11,32,3
50,7,12,8,4
50,7,13,22,1
50,7,14,23,1
50,7,15,68,2
50,7,16,3,4
50,7,17,13,4
50,7,18,5,2
50,7,19,37,3
50,7,20,29,3
50,7,21,10,3
50,7,22,28,1
50,7,23,58,2
50,7,24,78,2
50,7,25,36,3
50,7,26,89,3
50,7,27,66,2
50,7,28,43,3
50,7,29,79,3
50,7,30,25,2
50,7,31,16,1
50,7,32,84,1
50,7,33,20,3
50,7,34,2,3
50,7,34,88,4
50,7,35,64,2
50,7,36,86,4
50,7,37,96,3
50,7,38,42,2
50,7,39,15,4
50,7,40,76,3
50,7,41,9,1
50,7,42,41,4
50,7,43,57,2
50,7,44,4,3
50,7,45,12,3
50,7,46,61,1
50,7,47,31,2
50,7,48,47,4
50,7,49,77,1
50,7,50,71,4
50,7,51,30,4
50,7,52,24,2
50,7,53,92,3
50,7,54,95,3
50,7,55,65,3
50,7,56,75,1
50,7,57,67,3
50,7,58,6,1
50,7,59,11,1
50,7,60,60,1
5,1,1,20,3
5,1,2,2,2
5,1,3,1,1
5,1,4,3,4
5,1,5,5,1
5,1,6,16,4
5,1,7,21,2
5,1,8,8,4
5,1,9,7,1
5,1,10,23,3
5,1,11,14,4
5,1,12,11,4
5,1,13,9,2
5,1,14,10,1
5,1,15,19,1
5,1,16,22,3
5,1,17,12,2
5,1,18,15,3
5,1,19,13,4
5,1,20,24,2
5,1,21,17,4
5,1,22,18,3
5,1,23,4,3
5,1,24,6,3
5,2,1,64,2
5,2,2,94,1
5,2,3,17,2
5,2,4,11,1
5,2,5,68,4
5,2,6,76,2
5,2,7,51,2
5,2,8,40,2
5,2,9,43,4
5,2,10,90,1
5,2,11,52,1
5,2,12,37,4
5,2,13,8,1
5,2,14,27,2
5,2,15,45,4
5,2,16,3,3
5,2,17,67,3
5,2,18,23,1
5,2,19,89,2
5,2,20,30,4
5,2,21,29,2
5,2,22,48,2
5,2,23,54,4
5,2,24,82,3
5,2,25,61,3
5,2,26,81,3
5,2,27,42,1
5,2,28,84,3
5,2,29,74,2
5,2,30,55,3
5,2,31,24,3
5,2,32,22,3
5,2,33,14,1
5,2,34,5,3
5,2,35,72,4
5,2,36,20,4
5,2,37,80,4
5,2,38,18,2
5,2,39,21,1
5,2,40,39,1
5,2,41,75,3
5,2,42,53,1
5,2,43,33,4
5,2,44,87,4
5,2,45,93,1
5,2,46,50,2
5,2,47,44,4
5,2,48,58,2
5,2,49,2,1
5,2,50,46,3
5,2,51,63,4
5,2,52,49,1
5,2,53,1,2
5,2,54,6,2
5,2,55,25,2
5,2,56,95,3
5,2,57,79,4
5,2,58,28,1
5,2,59,36,1
5,2,60,73,1
5,3,1,47,1
5,3,2,91,3
5,3,3,10,3
5,3,4,19,3
5,3,5,65,2
5,3,6,32,4
5,3,7,7,4
5,3,8,69,2
5,3,9,38,2
5,3,10,31,3
5,3,11,83,1
5,3,12,71,3
5,3,13,96,3
5,3,14,34,3
5,3,15,92,4
5,3,16,62,2
5,3,17,12,4
5,3,18,85,4
5,3,19,26,3
5,3,20,9,4
5,3,21,78,4
5,3,22,70,1
5,3,23,56,4
5,3,24,15,3
5,3,25,13,4
5,3,26,35,4
5,3,27,60,1
5,3,28,77,3
5,3,29,86,1
5,3,30,41,4
5,3,31,59,2
5,3,32,16,3
5,3,33,66,4
5,3,34,57,1
5,3,35,4,1
5,3,36,88,3
5,3,37,53,2
5,3,38,3,4
5,3,39,91,1
5,3,40,61,3
5,3,41,51,2
5,3,42,22,4
5,3,43,71,3
5,3,44,36,1
5,3,45,2,3
5,3,45,88,4
5,3,46,11,3
5,3,47,65,1
5,3,48,73,4
5,3,49,10,2
5,3,50,15,3
5,3,51,21,3
5,3,52,27,1
5,3,53,74,3
5,3,54,69,3
5,3,55,52,3
5,3,56,44,4
5,3,57,58,4
5,3,58,32,3
5,3,59,20,1
5,3,60,56,3
5,4,1,25,2
5,4,2,5,2
5,4,3,95,2
5,4,4,47,3
5,4,5,6,3
5,4,6,96,2
5,4,7,59,4
5,4,8,84,1
5,4,9,60,2
5,4,10,37,3
5,4,11,70,1
5,4,12,28,2
5,4,13,50,2
5,4,14,72,1
5,4,15,49,1
5,4,16,92,3
5,4,17,23,1
5,4,18,19,1
5,4,19,80,4
5,4,20,34,4
5,4,21,68,3
5,4,22,90,2
5,4,23,30,3
5,4,24,39,3
5,4,25,81,1
5,4,26,94,4
5,4,27,48,4
5,4,28,63,4
5,4,29,17,3
5,4,30,79,4
5,4,31,29,1
5,4,32,43,4
5,4,33,33,3
5,4,34,85,1
5,4,35,45,1
5,4,36,1,2
5,4,37,87,3
5,4,38,12,1
5,4,39,40,3
5,4,40,31,3
5,4,41,26,4
5,4,42,13,2
5,4,43,7,2
5,4,44,62,1
5,4,45,77,2
5,4,46,78,2
5,4,47,88,3
5,4,48,46,3
5,4,49,67,4
5,4,50,54,1
5,4,51,66,2
5,4,52,8,3
5,4,53,55,1
5,4,54,24,4
5,4,55,38,4
5,4,56,93,3
5,4,57,57,4
5,4,58,64,4
5,4,59,83,1
5,4,60,14,3
5,5,1,89,4
5,5,2,75,3
5,5,3,9,4
5,5,4,16,2
5,5,5,86,3
5,5,6,42,2
5,5,7,76,3
5,5,8,18,4
5,5,9,4,3
5,5,10,82,3
5,5,11,41,4
5,5,12,35,3
5,5,13,57,4
5,5,14,24,4
5,5,15,12,3
5,5,16,95,4
5,5,17,2,1
5,5,18,91,1
5,5,19,25,4
5,5,20,50,4
5,5,21,69,2
5,5,22,32,1
5,5,23,1,2
5,5,24,34,4
5,5,25,70,1
5,5,26,71,3
5,5,27,11,1
5,5,28,77,1
5,5,29,64,2
5,5,30,74,3
5,5,31,9,1
5,5,32,48,4
5,5,33,85,1
5,5,34,54,2
5,5,35,41,1
5,5,36,23,1
5,5,37,55,4
5,5,38,94,1
5,5,39,16,1
5,5,40,38,1
5,5,41,49,2
5,5,42,28,1
5,5,43,88,3
5,5,44,66,1
5,5,45,35,3
5,5,46,44,2
5,5,47,79,4
5,5,48,61,3
5,5,49,93,1
5,5,50,52,3
5,5,51,68,4
5,5,52,3,2
5,5,53,89,1
5,5,54,37,2
5,5,55,65,2
5,5,56,33,4
5,5,57,42,3
5,5,58,21,1
5,5,59,45,1
5,5,60,82,1
5,6,1,78,4
5,6,2,56,2
5,6,3,15,1
5,6,4,53,1
5,6,5,14,2
5,6,6,8,3
5,6,7,51,1
5,6,8,26,2
5,6,9,63,4
5,6,10,5,3
5,6,11,40,3
5,6,12,81,3
5,6,13,72,2
5,6,14,6,2
5,6,15,90,1
5,6,16,86,1
5,6,17,7,1
5,6,18,92,3
5,6,19,39,1
5,6,20,43,2
5,6,21,60,4
5,6,22,59,3
5,6,23,46,4
5,6,24,27,4
5,6,25,76,2
5,6,26,58,4
5,6,27,19,1
5,6,28,96,4
5,6,29,80,2
5,6,30,13,3
5,6,31,31,3
5,6,32,84,1
5,6,33,73,2
5,6,34,30,1
5,6,35,4,2
5,6,36,22,3
5,6,37,29,2
5,6,38,36,1
5,6,39,10,2
5,6,40,20,1
5,6,41,67,3
5,6,42,87,1
5,6,43,18,2
5,6,44,83,3
5,6,45,47,1
5,6,46,75,1
5,6,47,62,4
5,6,48,17,3
5,6,49,26,2
5,6,50,23,4
5,6,51,37,1
5,6,52,38,1
5,6,53,50,2
5,6,54,91,1
5,6,55,90,2
5,6,56,22,1
5,6,57,3,4
5,6,58,96,1
5,6,59,59,1
5,6,60,46,2
5,7,1,20,2
5,7,2,86,2
5,7,3,75,1
5,7,4,10,1
5,7,5,76,4
5,7,6,79,1
5,7,7,25,1
5,7,8,1,1
5,7,9,21,1
5,7,10,64,1
5,7,11,45,1
5,7,12,74,1
5,7,13,30,3
5,7,14,68,4
5,7,15,48,3
5,7,16,34,3
5,7,17,19,4
5,7,18,32,1
5,7,19,63,2
5,7,20,67,3
5,7,21,35,3
5,7,22,77,3
5,7,23,41,2
5,7,24,53,3
5,7,25,47,1
5,7,26,13,3
5,7,27,40,2
5,7,28,65,4
5,7,29,94,2
5,7,30,66,4
5,7,31,18,3
5,7,32,14,4
5,7,33,42,3
5,7,34,27,2
5,7,35,93,2
5,7,36,36,3
5,7,37,33,1
5,7,38,92,4
5,7,39,52,4
5,7,40,73,1
5,7,41,17,2
5,7,42,56,3
5,7,43,28,1
5,7,44,71,2
5,7,45,51,4
5,7,46,69,4
5,7,47,9,4
5,7,48,55,2
5,7,49,2,3
5,7,49,88,4
5,7,50,43,2
5,7,51,49,2
5,7,52,31,4
5,7,53,44,4
5,7,54,84,4
5,7,55,78,1
5,7,56,72,4
5,7,57,70,2
5,7,58,95,2
5,7,59,15,1
5,7,60,62,2
6,1,1,11,3
6,1,2,21,1
6,1,3,14,2
6,1,4,20,2
6,1,5,24,1
6,1,6,4,2
6,1,7,9,2
6,1,8,23,2
6,1,9,16,2
6,1,10,6,4
6,1,11,12,3
6,1,12,1,2
6,1,13,19,2
6,1,14,17,2
6,1,15,13,4
6,1,16,15,4
6,1,17,5,4
6,1,18,8,1
6,1,19,10,2
6,1,20,7,2
6,1,21,3,2
6,1,22,18,4
6,1,23,2,3
6,1,24,22,1
6,2,1,56,3
6,2,2,38,4
6,2,3,13,1
6,2,4,29,2
6,2,5,44,4
6,2,6,22,3
6,2,7,28,3
6,2,8,39,3
6,2,9,45,4
6,2,10,75,2
6,2,11,40,3
6,2,12,49,3
6,2,13,19,2
6,2,14,25,1
6,2,15,47,4
6,2,16,30,2
6,2,17,96,4
6,2,18,85,4
6,2,19,37,3
6,2,20,79,1
6,2,21,14,4
6,2,22,82,1
6,2,23,68,3
6,2,24,67,2
6,2,25,5,4
6,2,26,71,4
6,2,27,2,3
6,2,27,88,4
6,2,28,16,1
6,2,29,1,2
6,2,30,86,4
6,2,31,59,1
6,2,32,51,3
6,2,33,8,4
6,2,34,87,3
6,2,35,65,1
6,2,36,7,4
6,2,37,23,3
6,2,38,3,3
6,2,39,83,4
6,2,40,63,1
6,2,41,53,4
6,2,42,91,4
6,2,43,70,1
6,2,44,43,1
6,2,45,61,3
6,2,46,55,3
6,2,47,95,2
6,2,48,69,1
6,2,49,4,4
6,2,50,42,2
6,2,51,78,2
6,2,52,88,3
6,2,53,48,2
6,2,54,57,4
6,2,55,58,2
6,2,56,6,3
6,2,57,54,1
6,2,58,31,4
6,2,59,11,3
6,2,60,60,2
6,3,1,17,4
6,3,2,94,1
6,3,3,77,4
6,3,4,80,1
6,3,5,10,4
6,3,6,92,2
6,3,7,89,2
6,3,8,32,1
6,3,9,20,3
6,3,10,26,4
6,3,11,9,3
6,3,12,15,3
6,3,13,64,2
6,3,14,74,3
6,3,15,50,3
6,3,16,33,1
6,3,17,72,3
6,3,18,12,2
6,3,19,62,4
6,3,20,24,3
6,3,21,76,1
6,3,22,73,3
6,3,23,21,4
6,3,24,93,3
6,3,25,66,4
6,3,26,35,2
6,3,27,41,2
6,3,28,52,4
6,3,29,90,4
6,3,30,46,4
6,3,31,84,2
6,3,32,27,1
6,3,33,34,4
6,3,34,81,1
6,3,35,36,1
6,3,36,18,2
6,3,37,89,2
6,3,38,59,2
6,3,39,65,2
6,3,40,49,4
6,3,41,8,3
6,3,42,11,3
6,3,43,14,4
6,3,44,52,3
6,3,45,54,1
6,3,46,69,1
6,3,47,3,1
6,3,48,74,4
6,3,49,63,2
6,3,50,45,4
6,3,51,28,1
6,3,52,79,4
6,3,53,50,2
6,3,54,44,4
6,3,55,67,2
6,3,56,70,4
6,3,57,87,3
6,3,58,86,3
6,3,59,16,3
6,3,60,88,3
6,4,1,22,2
6,4,2,17,1
6,4,3,5,2
6,4,4,37,1
6,4,5,90,4
6,4,6,25,4
6,4,7,61,3
6,4,8,27,3
6,4,9,93,1
6,4,10,35,2
6,4,11,21,1
6,4,12,56,2
6,4,13,83,1
6,4,14,48,2
6,4,15,40,4
6,4,16,94,2
6,4,17,6,4
6,4,18,26,4
6,4,19,71,2
6,4,20,39,2
6,4,21,23,1
6,4,22,82,2
6,4,23,81,2
6,4,24,2,1
6,4,25,72,3
6,4,26,32,3
6,4,27,53,2
6,4,28,9,4
6,4,29,57,3
6,4,30,60,2
6,4,31,84,1
6,4,32,62,2
6,4,33,36,1
6,4,34,51,4
6,4,35,19,2
6,4,36,13,1
6,4,37,85,1
6,4,38,58,2
6,4,39,41,1
6,4,40,15,3
6,4,41,31,1
6,4,42,30,1
6,4,43,92,4
6,4,44,91,3
6,4,45,46,4
6,4,46,76,3
6,4,47,96,1
6,4,48,78,3
6,4,49,7,4
6,4,50,68,3
6,4,51,43,4
6,4,52,18,1
6,4,53,77,3
6,4,54,10,4
6,4,55,12,2
6,4,56,34,3
6,4,57,75,3
6,4,58,29,3
6,4,59,64,4
6,4,60,38,1
6,5,1,33,3
6,5,2,42,1
6,5,3,1,1
6,5,4,47,3
6,5,5,66,4
6,5,6,55,2
6,5,7,80,4
6,5,8,20,1
6,5,9,24,4
6,5,10,95,3
6,5,11,73,1
6,5,12,4,4
6,5,13,46,4
6,5,14,18,3
6,5,15,44,2
6,5,16,83,2
6,5,17,35,3
6,5,18,68,2
6,5,19,16,1
6,5,20,65,4
6,5,21,87,1
6,5,22,81,3
6,5,23,48,2
6,5,24,7,3
6,5,25,4,1
6,5,26,27,1
6,5,27,37,1
6,5,28,63,3
6,5,29,54,3
6,5,30,52,1
6,5,31,22,3
6,5,32,42,3
6,5,33,89,2
6,5,34,11,3
6,5,35,15,3
6,5,36,74,3
6,5,37,80,3
6,5,38,86,3
6,5,39,33,4
6,5,40,3,4
6,5,41,92,3
6,5,42,1,1
6,5,43,69,1
6,5,44,2,4
6,5,45,77,4
6,5,46,29,4
6,5,47,9,3
6,5,48,45,2
6,5,49,21,4
6,5,50,58,4
6,5,51,56,1
6,5,52,24,3
6,5,53,57,1
6,5,54,93,1
6,5,55,90,3
6,5,56,38,1
6,5,57,71,1
6,5,58,23,1
6,5,59,66,2
6,5,60,91,3
6,6,1,51,4
6,6,2,62,2
6,6,3,19,3
6,6,4,82,4
6,6,5,95,3
6,6,6,64,2
6,6,7,14,4
6,6,8,47,4
6,6,9,40,4
6,6,10,79,3
6,6,11,59,1
6,6,12,43,4
6,6,13,31,2
6,6,14,78,1
6,6,15,84,1
6,6,16,28,4
6,6,17,12,2
6,6,18,2,3
6,6,18,88,4
6,6,19,13,2
6,6,20,73,3
6,6,21,53,2
6,6,22,5,4
6,6,23,17,1
6,6,24,8,1
6,6,25,96,3
6,6,26,30,4
6,6,27,26,1
6,6,28,6,1
6,6,29,55,3
6,6,30,10,1
6,6,31,67,2
6,6,32,39,3
6,6,33,41,4
6,6,34,76,4
6,6,35,34,3
6,6,36,75,1
6,6,37,25,2
6,6,38,85,1
6,6,39,72,3
6,6,40,60,1
6,6,41,61,3
6,6,42,20,1
6,6,43,94,2
6,6,44,49,1
6,6,45,50,2
6,6,46,70,4
6,6,47,36,3
6,6,48,32,2
6,6,49,41,2
6,6,50,20,2
6,6,51,91,1
6,6,52,71,4
6,6,53,84,1
6,6,54,57,1
6,6,55,30,4
6,6,56,66,1
6,6,57,49,1
6,6,58,58,4
6,6,59,11,3
6,6,60,5,3
6,7,1,18,1
6,7,2,52,1
6,7,3,47,1
6,7,4,35,3
6,7,5,86,1
6,7,6,61,3
6,7,7,13,1
6,7,8,72,1
6,7,9,43,4
6,7,10,39,3
6,7,11,85,1
6,7,12,73,2
6,7,13,69,4
6,7,14,51,4
6,7,15,88,3
6,7,16,82,1
6,7,17,54,4
6,7,18,7,2
6,7,19,8,1
6,7,20,92,1
6,7,21,38,4
6,7,22,27,2
6,7,23,45,4
6,7,24,83,3
6,7,25,19,1
6,7,26,63,1
6,7,27,75,2
6,7,28,80,1
6,7,29,89,3
6,7,30,17,1
6,7,31,12,2
6,7,32,33,1
6,7,33,53,1
6,7,34,31,3
6,7,35,37,3
6,7,36,44,2
6,7,37,59,4
6,7,38,25,1
6,7,39,60,2
6,7,40,15,4
6,7,41,16,4
6,7,42,22,3
6,7,43,32,4
6,7,44,90,2
6,7,45,6,2
6,7,46,56,2
6,7,47,1,3
6,7,48,50,1
6,7,49,34,4
6,7,50,62,1
6,7,51,67,3
6,7,52,94,2
6,7,53,2,3
6,7,53,88,4
6,7,54,42,1
6,7,55,96,2
6,7,56,74,2
6,7,57,48,4
6,7,58,70,1
6,7,59,65,4
6,7,60,79,1
7,1,1,19,2
7,1,2,14,1
7,1,3,4,4
7,1,4,13,3
7,1,5,16,4
7,1,6,7,4
7,1,7,1,1
7,1,8,8,3
7,1,9,18,4
7,1,10,3,2
7,1,11,11,3
7,1,12,12,3
7,1,13,24,1
7,1,14,22,3
7,1,15,17,1
7,1,16,6,1
7,1,17,20,1
7,1,18,9,4
7,1,19,21,3
7,1,20,10,4
7,1,21,15,2
7,1,22,2,4
7,1,23,23,3
7,1,24,5,3
7,2,1,71,3
7,2,2,5,1
7,2,3,12,4
7,2,4,2,2
7,2,5,49,3
7,2,6,96,4
7,2,7,87,2
7,2,8,54,1
7,2,9,29,3
7,2,10,34,1
7,2,11,82,2
7,2,12,95,3
7,2,13,27,4
7,2,14,24,3
7,2,15,68,3
7,2,16,39,4
7,2,17,86,1
7,2,18,73,3
7,2,19,10,4
7,2,20,36,2
7,2,21,90,3
7,2,22,94,4
7,2,23,17,3
7,2,24,92,4
7,2,25,89,4
7,2,26,38,3
7,2,27,58,4
7,2,28,55,3
7,2,29,70,2
7,2,30,62,4
7,2,31,52,1
7,2,32,83,1
7,2,33,40,1
7,2,34,35,1
7,2,35,42,1
7,2,36,18,2
7,2,37,19,3
7,2,38,48,2
7,2,39,23,1
7,2,40,16,3
7,2,41,13,4
7,2,42,7,3
7,2,43,65,3
7,2,44,41,3
7,2,45,31,3
7,2,46,15,2
7,2,47,60,2
7,2,48,75,3
7,2,49,72,3
7,2,50,11,2
7,2,51,64,3
7,2,52,14,1
7,2,53,57,2
7,2,54,59,3
7,2,55,50,1
7,2,56,85,3
7,2,57,30,3
7,2,58,93,4
7,2,59,51,2
7,2,60,80,3
7,3,1,77,3
7,3,2,69,2
7,3,3,79,2
7,3,4,26,3
7,3,5,53,3
7,3,6,4,4
7,3,7,67,4
7,3,8,81,1
7,3,9,47,4
7,3,10,74,2
7,3,11,22,2
7,3,12,2,3
7,3,12,88,4
7,3,13,25,1
7,3,14,28,1
7,3,15,1,4
7,3,16,6,1
7,3,17,61,3
7,3,18,33,2
7,3,19,43,2
7,3,20,3,3
7,3,21,63,3
7,3,22,32,4
7,3,23,56,4
7,3,24,84,1
7,3,25,9,2
7,3,26,76,4
7,3,27,37,1
7,3,28,91,3
7,3,29,45,2
7,3,30,20,2
7,3,31,8,2
7,3,32,78,2
7,3,33,44,3
7,3,34,66,2
7,3,35,46,2
7,3,36,21,1
7,3,37,58,3
7,3,38,86,3
7,3,39,26,4
7,3,40,77,1
7,3,41,57,1
7,3,42,34,4
7,3,43,68,3
7,3,44,5,3
7,3,45,18,2
7,3,46,69,3
7,3,47,32,2
7,3,48,54,1
7,3,49,51,4
7,3,50,12,3
7,3,51,1,1
7,3,52,75,4
7,3,53,4,4
7,3,54,9,1
7,3,55,80,4
7,3,56,70,2
7,3,57,89,2
7,3,58,36,3
7,3,59,93,4
7,3,60,38,3
7,4,1,90,2
7,4,2,37,4
7,4,3,46,2
7,4,4,31,2
7,4,5,59,4
7,4,6,13,4
7,4,7,45,4
7,4,8,91,4
7,4,9,60,2
7,4,10,24,4
7,4,11,20,3
7,4,12,47,3
7,4,13,15,1
7,4,14,30,3
7,4,15,76,3
7,4,16,7,3
7,4,17,55,4
7,4,18,28,4
7,4,19,94,4
7,4,20,88,2
7,4,21,25,2
7,4,22,21,2
7,4,23,22,2
7,4,24,74,2
7,4,25,78,2
7,4,26,64,3
7,4,27,67,3
7,4,28,17,4
7,4,29,49,3
7,4,30,50,1
7,4,31,42,1
7,4,32,14,1
7,4,33,62,3
7,4,34,40,3
7,4,35,23,3
7,4,36,29,4
7,4,37,6,4
7,4,38,63,4
7,4,39,2,2
7,4,40,10,2
7,4,41,95,4
7,4,42,73,3
7,4,43,19,4
7,4,44,44,2
7,4,45,16,3
7,4,46,92,2
7,4,47,56,2
7,4,48,11,2
7,4,49,65,3
7,4,50,87,1
7,4,51,83,4
7,4,52,79,2
7,4,53,41,4
7,4,54,27,1
7,4,55,3,4
7,4,56,85,2
7,4,57,48,3
7,4,58,66,2
7,4,59,33,3
7,4,60,39,4
7,5,1,52,3
7,5,2,72,3
7,5,3,61,3
7,5,4,96,3
7,5,5,82,2
7,5,6,84,1
7,5,7,53,4
7,5,8,81,3
7,5,9,8,2
7,5,10,71,4
7,5,11,43,4
7,5,12,35,1
7,5,13,52,4
7,5,14,9,1
7,5,15,3,3
7,5,16,67,4
7,5,17,79,4
7,5,18,73,2
7,5,19,70,4
7,5,20,71,3
7,5,21,29,1
7,5,22,94,3
7,5,23,31,1
7,5,24,82,4
7,5,25,56,1
7,5,26,96,2
7,5,27,38,1
7,5,28,10,2
7,5,29,65,1
7,5,30,48,2
7,5,31,8,1
7,5,32,12,1
7,5,33,32,3
7,5,34,87,4
7,5,35,78,4
7,5,36,28,4
7,5,37,51,4
7,5,38,1,2
7,5,39,59,2
7,5,40,15,3
7,5,41,21,2
7,5,42,43,4
7,5,43,74,3
7,5,44,36,4
7,5,45,53,4
7,5,46,46,1
7,5,47,92,4
7,5,48,58,3
7,5,49,64,1
7,5,50,69,1
7,5,51,41,4
7,5,52,34,1
7,5,53,44,3
7,5,54,24,2
7,5,55,60,4
7,5,56,6,2
7,5,57,50,1
7,5,58,19,2
7,5,59,25,2
7,5,60,93,2
7,6,1,40,1
7,6,2,2,2
7,6,3,27,3
7,6,4,68,3
7,6,5,45,1
7,6,6,86,3
7,6,7,14,3
7,6,8,76,4
7,6,9,89,2
7,6,10,72,2
7,6,11,62,2
7,6,12,33,2
7,6,13,90,1
7,6,14,54,3
7,6,15,42,3
7,6,16,91,4
7,6,17,77,2
7,6,18,16,2
7,6,19,22,4
7,6,20,61,1
7,6,21,83,3
7,6,22,49,4
7,6,23,63,2
7,6,24,66,1
7,6,25,20,2
7,6,26,13,3
7,6,27,5,2
7,6,28,30,1
7,6,29,85,2
7,6,30,88,3
7,6,31,26,4
7,6,32,35,3
7,6,33,39,1
7,6,34,81,4
7,6,35,4,2
7,6,36,18,2
7,6,37,11,1
7,6,38,95,2
7,6,39,55,3
7,6,40,84,4
7,6,41,17,1
7,6,42,75,3
7,6,43,7,4
7,6,44,37,4
7,6,45,47,1
7,6,46,23,1
7,6,47,57,2
7,6,48,80,3
7,6,49,16,4
7,6,50,90,1
7,6,51,10,2
7,6,52,27,2
7,6,53,20,1
7,6,54,21,3
7,6,55,76,2
7,6,56,66,2
7,6,57,31,2
7,6,58,56,1
7,6,59,39,2
7,6,60,72,4
7,7,1,68,2
7,7,2,43,2
7,7,3,54,3
7,7,4,23,1
7,7,5,73,3
7,7,6,88,3
7,7,7,42,1
7,7,8,50,1
7,7,9,13,4
7,7,10,84,4
7,7,11,79,3
7,7,12,49,3
7,7,13,11,3
7,7,14,32,2
7,7,15,93,1
7,7,16,53,2
7,7,17,40,4
7,7,18,70,2
7,7,19,86,3
7,7,20,67,1
7,7,21,48,4
7,7,22,28,3
7,7,23,62,2
7,7,24,7,1
7,7,25,34,4
7,7,26,96,3
7,7,27,24,2
7,7,28,38,2
7,7,29,6,2
7,7,30,25,3
7,7,31,89,4
7,7,32,37,4
7,7,33,95,1
7,7,34,78,3
7,7,35,63,1
7,7,36,8,2
7,7,37,59,4
7,7,38,2,2
7,7,39,33,3
7,7,40,71,3
7,7,41,35,2
7,7,42,85,3
7,7,43,29,4
7,7,44,5,2
7,7,45,58,3
7,7,46,3,4
7,7,47,81,1
7,7,48,44,2
7,7,49,1,4
7,7,50,12,4
7,7,51,14,2
7,7,52,51,1
7,7,53,92,3
7,7,54,69,4
7,7,55,18,3
7,7,56,74,2
7,7,57,30,3
7,7,58,83,3
7,7,59,26,3
7,7,60,36,1
8,1,1,11,3
8,1,2,16,2
8,1,3,19,1
8,1,4,13,3
8,1,5,12,4
8,1,6,9,2
8,1,7,2,2
8,1,8,1,3
8,1,9,17,2
8,1,10,23,2
8,1,11,5,4
8,1,12,10,1
8,1,13,8,1
8,1,14,6,3
8,1,15,14,3
8,1,16,7,1
8,1,17,18,1
8,1,18,15,3
8,1,19,4,3
8,1,20,21,4
8,1,21,24,3
8,1,22,20,1
8,1,23,3,4
8,1,24,22,1
8,2,1,81,3
8,2,2,33,4
8,2,3,88,3
8,2,4,79,4
8,2,5,37,4
8,2,6,32,2
8,2,7,42,3
8,2,8,4,2
8,2,9,11,4
8,2,10,59,2
8,2,11,60,1
8,2,12,84,1
8,2,13,12,2
8,2,14,53,1
8,2,15,67,3
8,2,16,38,1
8,2,17,47,1
8,2,18,87,3
8,2,19,64,3
8,2,20,43,4
8,2,21,5,4
8,2,22,73,3
8,2,23,48,1
8,2,24,52,1
8,2,25,44,4
8,2,26,29,3
8,2,27,54,1
8,2,28,28,3
8,2,29,31,2
8,2,30,85,3
8,2,31,24,3
8,2,32,69,1
8,2,33,30,2
8,2,34,26,4
8,2,35,20,2
8,2,36,68,1
8,2,37,78,2
8,2,38,10,2
8,2,39,75,4
8,2,40,46,3
8,2,41,18,4
8,2,42,16,2
8,2,43,50,1
8,2,44,72,3
8,2,45,80,3
8,2,46,51,2
8,2,47,9,4
8,2,48,15,4
8,2,49,95,2
8,2,50,57,2
8,2,51,25,1
8,2,52,63,3
8,2,53,92,1
8,2,54,35,2
8,2,55,93,2
8,2,56,70,4
8,2,57,2,3
8,2,57,88,4
8,2,58,13,4
8,2,59,7,4
8,2,60,41,1
8,3,1,8,3
8,3,2,77,1
8,3,3,58,2
8,3,4,6,2
8,3,5,17,3
8,3,6,3,4
8,3,7,40,2
8,3,8,49,4
8,3,9,76,1
8,3,10,39,4
8,3,11,96,4
8,3,12,91,1
8,3,13,71,3
8,3,14,83,4
8,3,15,34,1
8,3,16,14,3
8,3,17,55,2
8,3,18,22,3
8,3,19,61,3
8,3,20,82,2
8,3,21,19,4
8,3,22,21,4
8,3,23,45,1
8,3,24,27,4
8,3,25,86,1
8,3,26,56,1
8,3,27,89,1
8,3,28,94,2
8,3,29,66,3
8,3,30,90,3
8,3,31,74,2
8,3,32,65,2
8,3,33,23,3
8,3,34,62,3
8,3,35,1,4
8,3,36,36,3
8,3,37,65,2
8,3,38,6,1
8,3,39,15,3
8,3,40,51,3
8,3,41,8,3
8,3,42,76,2
8,3,43,7,4
8,3,44,79,1
8,3,45,63,3
8,3,46,41,1
8,3,47,85,2
8,3,48,50,1
8,3,49,33,2
8,3,50,38,1
8,3,51,52,4
8,3,52,53,1
8,3,53,81,3
8,3,54,57,2
8,3,55,67,4
8,3,56,30,3
8,3,57,95,2
8,3,58,42,2
8,3,59,20,1
8,3,60,43,3
8,4,1,3,2
8,4,2,62,2
8,4,3,31,1
8,4,4,92,3
8,4,5,21,1
8,4,6,93,3
8,4,7,60,2
8,4,8,25,3
8,4,9,17,2
8,4,10,71,1
8,4,11,28,1
8,4,12,44,2
8,4,13,91,3
8,4,14,88,2
8,4,15,70,2
8,4,16,80,1
8,4,17,94,3
8,4,18,47,3
8,4,19,75,3
8,4,20,32,2
8,4,21,13,4
8,4,22,78,3
8,4,23,84,1
8,4,24,55,1
8,4,25,36,1
8,4,26,24,4
8,4,27,61,2
8,4,28,1,2
8,4,29,66,2
8,4,30,59,4
8,4,31,68,2
8,4,32,4,2
8,4,33,9,4
8,4,34,58,1
8,4,35,54,1
8,4,36,83,4
8,4,37,27,1
8,4,38,77,2
8,4,39,96,2
8,4,40,35,4
8,4,41,48,3
8,4,42,69,3
8,4,43,49,3
8,4,44,46,2
8,4,45,23,1
8,4,46,5,2
8,4,47,22,1
8,4,48,34,2
8,4,49,10,3
8,4,50,73,4
8,4,51,64,2
8,4,52,39,4
8,4,53,82,3
8,4,54,89,3
8,4,55,74,4
8,4,56,11,2
8,4,57,16,4
8,4,58,19,4
8,4,59,56,1
8,4,60,90,1
8,5,1,29,3
8,5,2,86,3
8,5,3,40,2
8,5,4,26,3
8,5,5,18,4
8,5,6,12,1
8,5,7,45,3
8,5,8,72,4
8,5,9,14,4
8,5,10,37,2
8,5,11,87,2
8,5,12,2,2
8,5,13,33,4
8,5,14,75,4
8,5,15,67,4
8,5,16,26,4
8,5,17,64,2
8,5,18,13,2
8,5,19,52,1
8,5,20,59,1
8,5,21,15,1
8,5,22,62,4
8,5,23,48,1
8,5,24,60,3
8,5,25,14,3
8,5,26,49,3
8,5,27,63,2
8,5,28,65,2
8,5,29,44,3
8,5,30,80,1
8,5,31,25,1
8,5,32,40,3
8,5,33,55,3
8,5,34,10,1
8,5,35,84,4
8,5,36,45,3
8,5,37,85,3
8,5,38,5,3
8,5,39,56,2
8,5,40,58,2
8,5,41,42,3
8,5,42,3,3
8,5,43,88,1
8,5,44,8,3
8,5,45,83,4
8,5,46,90,1
8,5,47,35,1
8,5,48,32,1
8,5,49,24,2
8,5,50,4,4
8,5,51,36,1
8,5,52,38,4
8,5,53,7,1
8,5,54,51,3
8,5,55,34,1
8,5,56,6,4
8,5,57,28,3
8,5,58,30,4
8,5,59,17,2
8,5,60,69,3
8,6,1,21,1
8,6,2,31,3
8,6,3,57,2
8,6,4,66,4
8,6,5,68,2
8,6,6,92,3
8,6,7,37,2
8,6,8,29,3
8,6,9,39,3
8,6,10,81,4
8,6,11,9,4
8,6,12,74,2
8,6,13,76,4
8,6,14,50,4
8,6,15,87,3
8,6,16,89,4
8,6,17,47,3
8,6,18,70,2
8,6,19,95,4
8,6,20,12,1
8,6,21,19,2
8,6,22,86,1
8,6,23,72,3
8,6,24,73,3
8,6,25,43,4
8,6,26,91,4
8,6,27,20,2
8,6,28,23,3
8,6,29,78,2
8,6,30,22,3
8,6,31,71,1
8,6,32,82,4
8,6,33,61,3
8,6,34,94,4
8,6,35,2,4
8,6,36,77,3
8,6,37,53,1
8,6,38,54,1
8,6,39,27,1
8,6,40,11,1
8,6,41,16,4
8,6,42,1,4
8,6,43,18,1
8,6,44,79,3
8,6,45,46,3
8,6,46,41,4
8,6,47,93,2
8,6,48,96,3
8,6,49,22,2
8,6,50,7,2
8,6,51,66,1
8,6,52,58,3
8,6,53,69,2
8,6,54,70,2
8,6,55,59,2
8,6,56,36,4
8,6,57,13,4
8,6,58,63,1
8,6,59,45,1
8,6,60,40,2
8,7,1,2,2
8,7,2,1,2
8,7,3,42,2
8,7,4,75,1
8,7,5,28,3
8,7,6,16,2
8,7,7,32,1
8,7,8,76,1
8,7,9,24,4
8,7,10,21,4
8,7,11,57,4
8,7,12,86,3
8,7,13,38,4
8,7,14,10,4
8,7,15,35,2
8,7,16,72,1
8,7,17,31,3
8,7,18,9,3
8,7,19,47,4
8,7,20,46,1
8,7,21,51,3
8,7,22,44,1
8,7,23,12,2
8,7,24,89,4
8,7,25,85,3
8,7,26,56,3
8,7,27,52,3
8,7,28,79,4
8,7,29,82,2
8,7,30,73,2
8,7,31,74,3
8,7,32,80,3
8,7,33,8,2
8,7,34,54,3
8,7,35,39,1
8,7,36,60,4
8,7,37,41,4
8,7,38,65,3
8,7,39,23,1
8,7,40,62,2
8,7,41,78,3
8,7,42,94,4
8,7,43,30,4
8,7,44,6,2
8,7,45,61,3
8,7,46,88,3
8,7,47,68,1
8,7,48,25,1
8,7,49,90,1
8,7,50,43,3
8,7,51,26,2
8,7,52,19,4
8,7,53,77,3
8,7,54,29,2
8,7,55,96,4
8,7,56,15,3
8,7,57,27,1
8,7,58,50,1
8,7,59,5,4
8,7,60,48,4
9,1,1,10,4
9,1,2,23,3
9,1,3,16,4
9,1,4,2,2
9,1,5,6,1
9,1,6,24,1
9,1,7,1,3
9,1,8,21,3
9,1,9,14,4
9,1,10,19,3
9,1,11,17,1
9,1,12,11,3
9,1,13,22,2
9,1,14,12,3
9,1,15,9,2
9,1,16,3,2
9,1,17,4,1
9,1,18,13,2
9,1,19,8,1
9,1,20,18,2
9,1,21,5,3
9,1,22,20,3
9,1,23,15,2
9,1,24,7,3
9,2,1,86,1
9,2,2,39,1
9,2,3,7,2
9,2,4,71,3
9,2,5,58,1
9,2,6,61,2
9,2,7,47,1
9,2,8,38,3
9,2,9,45,2
9,2,10,73,2
9,2,11,80,3
9,2,12,70,3
9,2,13,95,2
9,2,14,85,1
9,2,15,63,2
9,2,16,56,1
9,2,17,52,4
9,2,18,6,1
9,2,19,36,2
9,2,20,29,3
9,2,21,25,3
9,2,22,22,3
9,2,23,96,3
9,2,24,57,2
9,2,25,34,1
9,2,26,2,4
9,2,27,28,4
9,2,28,82,4
9,2,29,79,3
9,2,30,41,4
9,2,31,62,4
9,2,32,17,2
9,2,33,35,3
9,2,34,23,1
9,2,35,44,3
9,2,36,18,1
9,2,37,20,2
9,2,38,4,4
9,2,39,3,3
9,2,40,15,3
9,2,41,89,1
9,2,42,88,3
9,2,43,74,1
9,2,44,40,3
9,2,45,76,4
9,2,46,19,2
9,2,47,67,4
9,2,48,59,4
9,2,49,51,3
9,2,50,9,3
9,2,51,92,3
9,2,52,49,1
9,2,53,75,1
9,2,54,37,3
9,2,55,65,2
9,2,56,26,4
9,2,57,69,3
9,2,58,81,1
9,2,59,83,1
9,2,60,55,4
9,3,1,10,2
9,3,2,24,4
9,3,3,30,2
9,3,4,87,4
9,3,5,94,1
9,3,6,72,4
9,3,7,50,2
9,3,8,48,4
9,3,9,60,3
9,3,10,33,2
9,3,11,53,4
9,3,12,21,2
9,3,13,32,3
9,3,14,90,4
9,3,15,84,1
9,3,16,43,1
9,3,17,1,3
9,3,18,54,1
9,3,19,93,1
9,3,20,91,1
9,3,21,8,2
9,3,22,27,1
9,3,23,78,3
9,3,24,13,1
9,3,25,64,4
9,3,26,16,3
9,3,27,12,4
9,3,28,14,2
9,3,29,68,3
9,3,30,66,4
9,3,31,77,4
9,3,32,42,1
9,3,33,31,2
9,3,34,46,4
9,3,35,5,4
9,3,36,11,3
9,3,37,21,4
9,3,38,65,1
9,3,39,35,3
9,3,40,36,3
9,3,41,84,3
9,3,42,11,3
9,3,43,48,4
9,3,44,63,3
9,3,45,77,4
9,3,46,73,3
9,3,47,88,1
9,3,48,12,4
9,3,49,51,4
9,3,50,3,3
9,3,51,89,4
9,3,52,10,2
9,3,53,92,2
9,3,54,54,2
9,3,55,15,2
9,3,56,80,3
9,3,57,86,1
9,3,58,18,1
9,3,59,53,4
9,3,60,47,4
9,4,1,45,2
9,4,2,2,2
9,4,3,46,4
9,4,4,96,1
9,4,5,83,2
9,4,6,23,1
9,4,7,9,3
9,4,8,26,4
9,4,9,57,4
9,4,10,61,4
9,4,11,59,1
9,4,12,49,2
9,4,13,33,2
9,4,14,24,1
9,4,15,39,4
9,4,16,22,2
9,4,17,85,1
9,4,18,8,3
9,4,19,87,3
9,4,20,81,1
9,4,21,7,2
9,4,22,38,4
9,4,23,13,3
9,4,24,72,2
9,4,25,56,3
9,4,26,67,3
9,4,27,34,2
9,4,28,79,2
9,4,29,17,4
9,4,30,69,3
9,4,31,64,2
9,4,32,43,4
9,4,33,68,3
9,4,34,32,2
9,4,35,62,3
9,4,36,1,1
9,4,37,70,2
9,4,38,52,1
9,4,39,50,1
9,4,40,25,1
9,4,41,30,3
9,4,42,27,4
9,4,43,95,3
9,4,44,42,2
9,4,45,66,3
9,4,46,28,1
9,4,47,31,1
9,4,48,74,3
9,4,49,41,1
9,4,50,16,1
9,4,51,19,4
9,4,52,29,3
9,4,53,6,2
9,4,54,93,4
9,4,55,20,2
9,4,56,75,2
9,4,57,60,2
9,4,58,76,2
9,4,59,44,4
9,4,60,78,1
9,5,1,82,4
9,5,2,37,3
9,5,3,4,4
9,5,4,94,3
9,5,5,14,4
9,5,6,90,1
9,5,7,58,3
9,5,8,40,4
9,5,9,71,2
9,5,10,55,4
9,5,11,91,1
9,5,12,5,3
9,5,13,31,4
9,5,14,51,1
9,5,15,71,2
9,5,16,49,4
9,5,17,90,4
9,5,18,70,4
9,5,19,10,2
9,5,20,89,1
9,5,21,54,1
9,5,22,86,4
9,5,23,2,1
9,5,24,29,3
9,5,25,78,3
9,5,26,52,3
9,5,27,63,4
9,5,28,68,2
9,5,29,75,1
9,5,30,66,1
9,5,31,4,2
9,5,32,61,1
9,5,33,45,3
9,5,34,17,2
9,5,35,19,2
9,5,36,18,3
9,5,37,20,2
9,5,38,50,1
9,5,39,16,3
9,5,40,95,2
9,5,41,23,1
9,5,42,77,3
9,5,43,8,2
9,5,44,41,1
9,5,45,82,1
9,5,46,33,2
9,5,47,72,4
9,5,48,2,3
9,5,48,88,4
9,5,49,62,2
9,5,50,38,1
9,5,51,92,3
9,5,52,84,3
9,5,53,47,4
9,5,54,73,2
9,5,55,53,2
9,5,56,24,2
9,5,57,6,2
9,5,58,83,3
9,5,59,14,1
9,5,60,43,4
9,6,1,25,4
9,6,2,57,4
9,6,3,40,3
9,6,4,22,2
9,6,5,37,3
9,6,6,93,3
9,6,7,7,2
9,6,8,36,1
9,6,9,12,2
9,6,10,32,1
9,6,11,28,1
9,6,12,46,1
9,6,13,3,3
9,6,14,5,3
9,6,15,56,1
9,6,16,64,1
9,6,17,96,3
9,6,18,21,3
9,6,19,35,1
9,6,20,42,1
9,6,21,26,3
9,6,22,59,1
9,6,23,9,2
9,6,24,34,2
9,6,25,11,3
9,6,26,1,2
9,6,27,58,1
9,6,28,91,3
9,6,29,30,3
9,6,30,27,4
9,6,31,65,1
9,6,32,60,4
9,6,33,85,4
9,6,34,13,2
9,6,35,44,3
9,6,36,81,3
9,6,37,39,4
9,6,38,74,3
9,6,39,55,1
9,6,40,67,4
9,6,41,69,3
9,6,42,94,4
9,6,43,15,4
9,6,44,76,2
9,6,45,80,1
9,6,46,79,4
9,6,47,87,3
9,6,48,48,2
9,6,49,62,3
9,6,50,15,3
9,6,51,85,2
9,6,52,42,1
9,6,53,74,3
9,6,54,2,3
9,6,54,88,4
9,6,55,64,2
9,6,56,23,3
9,6,57,90,1
9,6,58,53,4
9,6,59,34,2
9,6,60,1,2
9,7,1,30,3
9,7,2,6,2
9,7,3,75,4
9,7,4,46,1
9,7,5,28,4
9,7,6,84,1
9,7,7,51,2
9,7,8,37,2
9,7,9,82,3
9,7,10,60,2
9,7,11,35,3
9,7,12,9,2
9,7,13,92,3
9,7,14,33,1
9,7,15,58,2
9,7,16,77,3
9,7,17,73,4
9,7,18,32,1
9,7,19,52,4
9,7,20,13,4
9,7,21,69,3
9,7,22,55,1
9,7,23,27,1
9,7,24,21,2
9,7,25,20,2
9,7,26,89,4
9,7,27,91,3
9,7,28,38,3
9,7,29,57,2
9,7,30,48,4
9,7,31,94,1
9,7,32,10,2
9,7,33,12,2
9,7,34,16,2
9,7,35,61,2
9,7,36,11,2
9,7,37,25,1
9,7,38,79,4
9,7,39,50,3
9,7,40,3,2
9,7,41,2,3
9,7,41,88,4
9,7,42,65,1
9,7,43,93,4
9,7,44,40,4
9,7,45,41,3
9,7,46,83,1
9,7,47,68,1
9,7,48,59,4
9,7,49,45,3
9,7,50,96,1
9,7,51,36,3
9,7,52,14,3
9,7,53,29,3
9,7,54,4,2
9,7,55,87,3
9,7,56,26,2
9,7,57,76,1
9,7,58,17,1
9,7,59,18,1
9,7,60,54,3
